Cancelled,Loan_Num,Accepted_Date,Default_Charge,Late_Charge,NSF_Charge,Premium,Down,AmtFin,FinChg,APR,Term,Mature_Date,Payments_Rcvd,Agent_ID,Borrower_ID,Borrower_State,Borrower_Zip,Agent_State,Exposure,Borrower_Category,Borrower_CreditScore,Borrower_EnrolledInEForms,Agent_RegisteredOnWeb,Agent_EnrolledInEForms,Agent_IntentEForm,Agent_CancelEForm,Agent_ReinstateEForm,Agent_PendingPolicyRequestEForm,Agent_ACHPaymentLetterEForm,Agent_RegisteredForCancelListReport,Agent_RegisteredForEimpendingReport,Agent_RecurringACHForm,Agent_EnrolledInCreditProgram,Agent_DownPaymentViaCC,Agent_DownPaymentViaACH,Borrower_RegisteredOnWeb,Borrower_DateRegisteredForWeb,Borrower_RegisteredForEForms,Borrower_DateRegisteredForEForms,Borrower_RegisteredForCancellationWarning,Borrower_DATERegisteredForCancellationWarning,Borrower_Classification,Borrower_SubTerm,Risk_Score,NoticeOfIntentToCancelDate,BankruptcyFlag,RecurringACH_TF
0,2A1D1E6B-1850-4D39-952F-893FA4BF7979,1/6/2015,0,0,0,2078,737,1341,113.94,19.95,9,10/12/2015,9,1,3035397,CA,92881-8459,TX,0,NULL,NULL,0,1,1,0,1,1,1,1,0,1,1,1,1,1,0,NULL,0,NULL,1,1/12/2015,Services,General Other,NULL,NULL,NULL,0
0,F67191BC-B396-4476-9E59-3A679EA19DB7,1/23/2015,0,0,0,12033.18,3167,8866.18,438.52,10.65,10,11/16/2015,10,2,3018676,TX,77059-5531,TX,442.96,NULL,NULL,0,1,1,0,1,1,1,1,0,1,1,1,1,1,0,NULL,0,NULL,1,9/2/2014,Real Estate,General Other,NULL,NULL,NULL,0
0,A814D45F-C3CF-4C66-B052-E0DE6AB6FFF5,1/23/2015,0,0,0,13650.94,3655.73,9995.21,652.49,14,10,11/22/2015,10,3,3082787,TX,78577-6506,TX,0,NULL,NULL,0,1,1,0,1,1,1,1,0,1,1,1,1,1,0,NULL,0,NULL,1,2/13/2015,Transportation,Trucking,NULL,NULL,NULL,0
0,1D390BF8-434E-4B06-9009-1B9712F92FC4,1/26/2015,0,0,0,8782,2533,6249,383.55,14.5,9,10/27/2015,9,4,3063216,NC,28217-3924,TX,0,NULL,NULL,0,1,1,0,1,1,1,1,0,1,1,1,1,1,0,NULL,0,NULL,0,NULL,General,Personal DBA,NULL,NULL,NULL,0
0,03766A6D-F74F-45D6-9348-A9C0880597F5,2/9/2015,0,25.45,30,1259,427.25,831.75,85.17,23.95,9,10/26/2015,9,5,3034473,TX,77429-2688,TX,0,NULL,NULL,1,1,1,0,1,1,1,1,0,1,1,1,1,1,0,NULL,1,4/25/2017,1,4/25/2017,Construction,General Construction,NULL,10/6/2015,NULL,0
0,58693911-39BA-4F01-A1DF-F90EE10FC9A9,2/11/2015,0,0,0,23561,7853.67,15707.33,466.8,8.85,7,8/28/2015,7,6,3083696,TX,75206,TX,1586.82,NULL,NULL,0,1,1,0,1,1,1,1,0,1,1,1,1,1,0,NULL,0,NULL,0,NULL,Real Estate,Real Estate,NULL,3/5/2015,NULL,0
0,C448FA28-D4C7-4AA4-8E05-3F1410380A54,2/27/2015,0,0,0,11271.07,3061.52,8209.55,503.98,14.5,9,11/20/2015,2,7,3084481,TX,77979,TX,0,NULL,NULL,0,1,1,0,1,1,1,1,0,1,1,1,1,1,0,NULL,0,NULL,0,NULL,Services,General Other,NULL,NULL,NULL,0
0,3EE430C6-D00E-4075-AAFE-DA276A518A50,3/2/2015,0,844.32,30,23838.02,6372.01,17466.01,1049.02,14,10,12/21/2015,10,8,3084516,TX,77545-8779,TX,1444.4,NULL,NS,1,1,1,0,1,1,1,1,0,1,1,1,1,1,0,NULL,1,3/4/2016,1,3/7/2016,Transportation,Trucking,NULL,12/31/2015,NULL,0
1,D6144FA7-B3F3-45B2-9AA4-297921960A4E,3/2/2015,0,15.69,0,4699.38,1203.98,3495.4,284.58,17.95,10,12/26/2015,1,9,3084530,TX,78577-8600,TX,124.58,NULL,3,0,1,1,0,1,1,1,1,0,1,1,1,1,1,0,NULL,0,NULL,0,NULL,Transportation,Trucking,NULL,5/6/2015,NULL,0
1,C24844D4-CB5B-4037-B093-4E43562AC606,3/18/2015,0,0,0,2843.37,907.34,1936.03,126.37,14,10,1/2/2016,2,10,3085413,TX,78584-1638,TX,7.43,NULL,NULL,0,1,1,0,1,1,1,1,0,1,1,1,1,1,0,NULL,0,NULL,0,NULL,General,Personal DBA,NULL,6/12/2015,NULL,0
0,94F0FBD9-019C-46BF-9BBE-F7DEA6E5516C,3/25/2015,0,0,0,7646,2229.5,5416.5,341.42,14,10,1/20/2016,10,11,3085785,TX,78557-3425,TX,13.02,NULL,NULL,0,1,1,0,1,1,1,1,0,1,1,1,1,1,0,NULL,0,NULL,1,4/28/2015,Services,General Services,NULL,NULL,NULL,0
0,E8CDF153-0E01-4D4F-92E5-C8201484A16A,3/27/2015,0,177.7,0,10846.35,3593.2,7253.15,405.84,14,10,1/23/2016,10,12,3085872,TX,78575-5268,TX,21.59,NULL,NULL,0,1,1,0,1,1,1,1,0,1,1,1,1,1,0,NULL,0,NULL,1,3/27/2015,Transportation,Trucking,NULL,2/2/2016,NULL,0
0,1A123DF2-704D-4AA4-869C-DA30B6F2876E,4/2/2015,0,0,0,996.64,249.16,747.48,76.56,23.95,9,11/5/2015,9,13,3082759,TX,75010,TX,0,NULL,2,1,1,1,0,1,1,1,1,0,1,1,1,1,1,1,3/15/2019,1,4/7/2015,1,4/7/2015,Retail Trade,General Other,NULL,NULL,NULL,0
0,FFB6A7BB-93BB-4FED-A6A7-3211828F604B,4/3/2015,0,3.09,0,534,133.5,400.5,32.59,23.95,7,10/27/2015,0,14,3081542,TX,78521-3667,TX,74.76,NULL,NULL,0,1,1,0,1,1,1,1,0,1,1,1,1,1,0,NULL,0,NULL,1,1/21/2015,Transportation,General Transportation,NULL,5/7/2015,NULL,0
0,CF938689-1A67-427A-A5A6-A548BF67895A,4/13/2015,0,0,0,12440,3266,9174,598.9,14,10,2/9/2016,10,15,3086629,TX,78537-4322,TX,30.3,NULL,3,0,1,1,0,1,1,1,1,0,1,1,1,1,1,0,NULL,0,NULL,0,NULL,Transportation,Trucking,NULL,NULL,NULL,0
1,64113503-E0E1-466B-B348-E59F95C85F9E,5/14/2015,0,0,0,8306.14,1872.43,6433.71,419.99,14,10,3/16/2016,1,16,3088230,TX,78577-5153,TX,321.68,NULL,NULL,0,1,1,0,1,1,1,1,0,1,1,1,1,1,0,NULL,0,NULL,0,NULL,Transportation,Trucking,NULL,7/27/2015,NULL,0
0,E9E4185C-7DF1-43DD-83C5-6D7285DB05B5,6/11/2015,0,21.82,0,5368,1342,4026,338.6,17.95,10,4/8/2016,10,17,3067640,TX,75020-1470,TX,0,NULL,5,1,1,1,0,1,1,1,1,0,1,1,1,1,1,0,NULL,1,7/8/2014,1,12/19/2017,Services,General Other,NULL,12/18/2015,NULL,0
0,65BE0978-03DF-4D0B-9442-C358B1FAB0D2,6/11/2015,0,0,0,12564.98,3406.75,9158.23,541.7,13.98,9,3/3/2016,9,18,3089527,TX,76112-6018,TX,0,NULL,NULL,0,1,1,0,1,1,1,1,0,1,1,1,1,1,0,NULL,0,NULL,0,NULL,General,Personal DBA,NULL,NULL,NULL,0
0,05B57DF3-3530-4E33-AB83-3CDB160D825F,6/12/2015,0,0,210,8025,1805,6220,406.1,14,10,4/14/2016,10,19,3089567,TX,78045-0012,TX,298.05,NULL,3,1,1,1,0,1,1,1,1,0,1,1,1,1,1,1,7/18/2015,1,7/18/2015,1,7/20/2015,Transportation,Trucking,NULL,3/24/2016,NULL,0
0,050E5D4A-D392-43E4-8683-4A164924F6F2,6/17/2015,0,0,0,17985,5846.25,12138.75,591.66,11.55,9,3/1/2016,9,20,3089755,TX,75069-7859,TX,0,NULL,NULL,0,1,1,0,1,1,1,1,0,1,1,1,1,1,0,NULL,0,NULL,1,9/2/2015,Real Estate,General Fin/Ins/Real,NULL,8/11/2015,NULL,0
0,28A6633A-66F4-4349-97D6-D0CB574E7D1A,6/23/2015,0,39.54,0,3229.12,1032.28,2196.84,168.13,17.95,9,3/21/2016,8,21,3051056,FL,32757-6700,TX,0,NULL,NULL,1,1,1,0,1,1,1,1,0,1,1,1,1,1,0,NULL,1,8/2/2015,0,NULL,General,Personal DBA,NULL,10/26/2015,NULL,0
0,004E4A11-E146-4795-ADCD-0EED3D624F9A,6/25/2015,0,29.85,0,2417.65,754.41,1663.24,126.86,17.95,9,3/20/2016,9,22,3027071,NC,28027-9532,TX,0,NULL,NULL,0,1,1,0,1,1,1,1,0,1,1,1,1,1,0,NULL,0,NULL,0,NULL,Construction,Roofing,NULL,2/25/2016,NULL,0
0,3A73BCFF-16F8-4E13-B755-1B9DC9CA70FD,7/23/2015,0,0,0,4177.52,1194.38,2983.14,227.52,17.95,9,4/20/2016,9,23,3055868,TX,78745-3853,TX,0,NULL,2,0,1,1,0,1,1,1,1,0,1,1,1,1,1,0,NULL,0,NULL,0,NULL,Real Estate,Real Estate,NULL,NULL,NULL,0
0,3E4960F6-F223-4BB8-B0A8-61B137EBF0C4,7/30/2015,15,0,0,9428.35,2576.35,6852,357.45,12.35,9,12/7/2015,4,24,3091710,CA,92648-6012,TX,0,NULL,NULL,0,1,1,0,1,1,1,1,0,1,1,1,1,1,0,NULL,0,NULL,0,NULL,Services,Medical,NULL,8/17/2015,NULL,0
0,86BFF2EB-BD4F-48A4-BE55-9B319B95C4EE,7/30/2015,0,64.48,0,4446.1,1471.53,2974.57,250.13,17.95,10,4/23/2016,10,25,3070762,TX,75211-5330,TX,21.53,NULL,3,0,1,1,0,1,1,1,1,0,1,1,1,1,1,0,NULL,0,NULL,1,1/1/2015,Agriculture,General Other,NULL,5/3/2016,NULL,0
1,29A0388B-4CC0-4BA7-90F4-3048867C7633,7/30/2015,0,0,0,17830.12,4873.03,12957.09,845.91,14,10,5/24/2016,4,26,3091713,TX,78576-1104,TX,77.31,NULL,NULL,0,1,1,0,1,1,1,1,0,1,1,1,1,1,0,NULL,0,NULL,0,NULL,Transportation,General Transportation,NULL,1/4/2016,NULL,0
0,7F940A97-A2BD-47AE-8C75-D980B791F450,7/31/2015,0,0,0,3934.46,1171.12,2763.34,210.8,17.95,9,4/30/2016,9,27,3091824,TX,79105-1344,TX,0,NULL,1,1,1,1,0,1,1,1,1,0,1,1,1,1,1,1,1/14/2019,1,1/14/2019,1,1/14/2019,Retail Trade,General Other,NULL,NULL,NULL,0
0,D55E61AA-187F-4A65-AD92-FF9520F6F8E1,8/4/2015,0,0,0,3345,1600,1745,133.12,17.95,9,5/6/2016,0,28,3091995,LA,70560,TX,0,NULL,NULL,0,1,1,0,1,1,1,1,0,1,1,1,1,1,0,NULL,0,NULL,0,NULL,Real Estate,General Other,NULL,NULL,NULL,0
0,F15D104B-FCB7-43E1-B688-5721B518B9B5,8/4/2015,0,0,0,2763.33,878.33,1885,142.34,17.95,9,5/3/2016,9,29,3074729,TX,76472-0337,TX,0,NULL,NULL,0,1,1,0,1,1,1,1,0,1,1,1,1,1,0,NULL,0,NULL,0,NULL,Transportation,Marine,NULL,NULL,NULL,0
0,E8E41C18-5586-43D7-84AB-E02499A0BF22,8/6/2015,0,0,30,8859,2103,6756,441.1,14,10,6/11/2016,10,30,3074723,TX,78109-3582,TX,226.29,NULL,NULL,0,1,1,0,1,1,1,1,0,1,1,1,1,1,0,NULL,0,NULL,0,NULL,Transportation,Trucking,NULL,1/21/2016,NULL,0
0,6471C249-1249-46A9-A285-506C79FB8C2F,8/12/2015,0,33.59,0,7922,2166.88,5755.12,290.36,11.95,9,5/11/2016,9,31,3074929,GA,30126-2964,TX,0,NULL,1,1,1,1,0,1,1,1,1,0,1,1,1,1,1,0,NULL,1,9/8/2014,1,9/17/2015,Services,General Other,NULL,9/16/2015,NULL,0
1,84A83653-F83B-4C2D-9140-981E37655399,8/17/2015,0,464.12,0,19388.23,4357.65,15030.58,874.52,12.5,10,6/6/2016,8,32,3092511,TX,78741-7373,TX,788.43,NULL,4,0,1,1,0,1,1,1,1,0,1,1,1,1,1,0,NULL,0,NULL,1,11/25/2015,Transportation,General Transportation,NULL,5/16/2016,NULL,0
0,A8E3D6C5-68C7-4B25-9B68-ACE0A8387148,8/21/2015,0,0,0,1233.75,514.69,719.06,58,18.95,9,6/14/2016,0,33,3023244,TX,77082,TX,0,NULL,1,0,1,1,0,1,1,1,1,0,1,1,1,1,1,0,NULL,0,NULL,0,NULL,General,General Other,NULL,NULL,NULL,0
0,FAA35C06-13B9-46F2-B16A-DF70DD530B43,8/26/2015,0,86.88,0,5897,1680.5,4216.5,127.85,12.05,5,1/30/2016,5,34,3093035,TX,78758-5800,TX,483.49,NULL,5,1,1,1,0,1,1,1,1,0,1,1,1,1,1,0,NULL,1,12/17/2015,0,NULL,General,Locations,NULL,12/10/2015,NULL,0
1,5C0782A8-72B6-4DBD-94AB-269FCD25AE7F,9/11/2015,0,0,0,14838.3,3963.82,10874.48,667.48,14.5,9,6/7/2016,2,35,3093490,TX,78573-0641,TX,42.65,NULL,2,0,1,1,0,1,1,1,1,0,1,1,1,1,1,0,NULL,0,NULL,0,NULL,General,Personal DBA,NULL,12/17/2015,NULL,0
0,94E65193-F692-4E8C-99E2-202953307149,9/18/2015,0,0,0,105565.16,11443.58,94121.58,3999.9,8.85,10,6/26/2016,10,36,3054952,TX,78207-1714,TX,20049.34,NULL,5,0,1,1,0,1,1,1,1,0,1,1,1,1,1,0,NULL,0,NULL,1,3/24/2014,Transportation,General Transportation,NULL,NULL,NULL,0
0,91C0528D-3024-4479-8162-65D0B2B25A96,9/21/2015,0,104.56,0,11688.6,2750.52,8938.08,471.96,12.5,9,6/10/2016,9,37,3094066,TX,78541-4011,TX,589.73,NULL,NULL,0,1,1,0,1,1,1,1,0,1,1,1,1,1,0,NULL,0,NULL,0,NULL,Transportation,General Transportation,NULL,6/20/2016,NULL,0
0,F6EFB825-D0C7-4910-A110-41AB9AFF318C,9/22/2015,0,19.39,0,1205.2,413.8,791.4,81.06,23.95,9,6/4/2016,9,38,3077161,KY,41035-7784,TX,0,NULL,NULL,0,1,1,0,1,1,1,1,0,1,1,1,1,1,0,NULL,0,NULL,1,11/13/2014,General,General Other,NULL,6/9/2016,NULL,0
0,D9D15317-CDB1-46D9-A356-670A8F1668E3,9/25/2015,0,320.4,0,7976.9,1920.79,6056.11,352.39,12.5,10,7/28/2016,10,39,3094294,TX,78586-9840,TX,152.08,NULL,4,1,1,1,0,1,1,1,1,0,1,1,1,1,1,0,NULL,1,10/16/2015,1,10/16/2015,Transportation,Trucking,NULL,8/8/2016,NULL,0
0,C059DDE6-D293-4575-89FF-C64475A2665B,10/5/2015,0,38.03,0,5850,1639.3,4210.7,268.03,17.95,9,7/12/2016,9,40,3025996,TX,76040-7720,TX,0,NULL,3,1,1,1,0,1,1,1,1,0,1,1,1,1,1,1,10/23/2018,1,3/21/2014,1,5/5/2015,Transportation,General Transportation,NULL,5/23/2016,NULL,0
0,9ACF73A7-9E67-4EE4-B3E6-2822680DF3C5,10/12/2015,0,0,0,8389,3355.6,5033.4,100.83,11.98,3,1/1/2016,3,41,3094958,CA,92780-3211,TX,0,NULL,NULL,1,1,1,0,1,1,1,1,0,1,1,1,1,1,0,NULL,1,10/21/2015,1,10/21/2015,Real Estate,Real Estate,NULL,NULL,NULL,0
0,C83F1128-D967-487F-96DC-D64CC83F54AD,10/12/2015,0,0,0,7394.03,1738.8,5655.23,368.67,13.98,10,8/17/2016,10,42,3078600,TX,77979-4040,TX,353.4575,NULL,2,0,1,1,0,1,1,1,1,0,1,1,1,1,1,0,NULL,0,NULL,0,NULL,General,General Other,NULL,NULL,NULL,0
1,22E8716A-5DB3-4412-AEE1-011EFD22CB4B,10/12/2015,0,0,0,1357.54,400,957.54,85.26,18.98,10,7/25/2016,1,43,3094977,TX,78621-1736,TX,108.44,NULL,4,1,1,1,0,1,1,1,1,0,1,1,1,1,1,0,NULL,1,10/28/2015,1,10/28/2015,Services,General Services,NULL,12/7/2015,NULL,0
0,A5C581B4-BCDD-4193-941B-B85A504B23F2,10/14/2015,0,0,0,8954,2686.2,6267.8,190.48,14.5,4,1/30/2016,4,44,3094867,TX,78332-3938,TX,620.49,NULL,2,0,1,1,0,1,1,1,1,0,1,1,1,1,1,0,NULL,0,NULL,0,NULL,Real Estate,Real Estate,NULL,NULL,NULL,0
0,86431C6E-807D-4281-807E-E1459A65B548,10/16/2015,0,113.6,0,12608.11,2897.62,9710.49,512.7,12.5,9,7/13/2016,9,45,3095216,AZ,85302-2309,TX,485.53,NULL,NULL,1,1,1,0,1,1,1,1,0,1,1,1,1,1,0,NULL,1,10/28/2015,1,10/28/2015,Transportation,General Transportation,NULL,5/18/2016,NULL,0
0,53C2E49E-E6C9-494A-9BAD-A8EDA097769E,10/26/2015,0,0,0,5897.6,1961.9,3935.7,300.15,17.95,9,7/29/2016,9,46,3058045,NY,11561-1033,TX,0,NULL,NULL,1,1,1,0,1,1,1,1,0,1,1,1,1,1,1,12/19/2018,1,11/27/2015,1,10/28/2013,Retail Trade,General Other,NULL,NULL,NULL,0
0,968DF402-E770-45FF-BCC1-487F1AAE06D9,10/28/2015,0,207.06,0,9332,4316,5016,307.86,14.5,9,7/4/2016,9,47,3058617,CA,91739-2105,TX,0,NULL,2,0,1,1,0,1,1,1,1,0,1,1,1,1,1,0,NULL,0,NULL,1,11/12/2013,General,Technical Assortment,NULL,7/14/2016,NULL,0
0,CB1A8869-34BB-4354-93D4-98F63D0F1583,11/4/2015,0,10.48,90,778.44,307.11,471.33,53.27,23.95,10,7/29/2016,10,48,3096064,TX,75238-3931,TX,5.45,NULL,NULL,0,1,1,0,1,1,1,1,0,1,1,1,1,1,0,NULL,0,NULL,0,NULL,Services,General Other,NULL,6/8/2016,NULL,0
0,4F741032-47C2-4DDB-A204-3E9E922E4C0A,11/5/2015,0,32.1,0,2386.71,596.68,1790.03,136.51,17.95,9,8/5/2016,9,49,3028848,TX,77651-4309,TX,0,NULL,3,1,1,1,0,1,1,1,1,0,1,1,1,1,1,1,1/11/2016,1,1/11/2016,1,1/12/2016,Real Estate,General Other,NULL,6/15/2016,NULL,0
0,659EB8E9-ACEC-4217-A76C-8E14624AEFC9,11/16/2015,0,279.04,0,8361,1811.66,6549.34,427.56,14,10,9/11/2016,10,50,3096470,TX,78584-1491,TX,463.25,NULL,NULL,0,1,1,0,1,1,1,1,0,1,1,1,1,1,0,NULL,0,NULL,0,NULL,General,General Blended,NULL,8/22/2016,NULL,0
0,ACE9E848-8A9E-4690-9579-B0ED8F9FF384,11/23/2015,5,13.44,0,1126,394,732,74.94,23.95,9,8/17/2016,9,51,3096748,OR,97703-7557,TX,0,NULL,2,1,1,1,0,1,1,1,1,0,1,1,1,1,1,0,NULL,1,9/16/2016,1,5/1/2017,Services,General Other,NULL,8/29/2016,NULL,0
1,7E33B7EE-36BC-4D70-9479-02729B959C25,11/30/2015,45,186.8,0,8738.28,2372.07,6366.21,357.96,13.3,9,8/14/2016,4,52,3081903,UT,84101-2275,TX,-1.76,NULL,4,0,1,1,0,1,1,1,1,0,1,1,1,1,1,0,NULL,0,NULL,1,10/21/2015,Real Estate,Finance,NULL,4/19/2016,NULL,0
0,A2081D2A-D1EA-4DB4-9191-239B85FB6FE2,12/4/2015,0,26.96,0,3510.26,1256.41,2253.85,171.92,17.95,9,9/9/2016,9,53,3080734,MS,39465-9415,TX,0,NULL,NULL,0,1,1,0,1,1,1,1,0,1,1,1,1,1,0,NULL,0,NULL,1,1/5/2015,General,Personal DBA,NULL,7/14/2016,NULL,0
0,512CB335-7447-4011-AC71-1807AE6C824A,12/4/2015,15,6.01,0,1309,327.25,981.75,100.59,23.95,9,8/30/2016,9,54,3097133,GA,30022-3253,TX,0,NULL,2,0,1,1,0,1,1,1,1,0,1,1,1,1,1,0,NULL,0,NULL,0,NULL,General,General Other,NULL,1/4/2016,NULL,0
0,B08CE513-6B4E-4FE7-B019-DF4321359BA7,12/14/2015,0,0,0,9375.84,2766.96,6608.88,405.72,14.5,9,9/4/2016,9,55,3097503,TX,75211-7860,TX,0,NULL,NULL,0,1,1,0,1,1,1,1,0,1,1,1,1,1,0,NULL,0,NULL,0,NULL,Transportation,Trucking,NULL,NULL,NULL,0
1,DDE66C06-EAA5-4EA2-BEB6-66162F8A0ADA,12/14/2015,0,127.4,0,15142.71,4317.21,10825.5,640.32,13.98,9,8/15/2016,2,56,3059986,TX,78738-6477,TX,0,NULL,2,0,1,1,0,1,1,1,1,0,1,1,1,1,1,0,NULL,0,NULL,0,NULL,General,General Other,NULL,2/25/2016,NULL,0
0,C047B965-4B3D-4B19-895A-B5C5D69A7B62,12/23/2015,0,0,0,5093.04,1600,3493.04,221.89,15,9,9/19/2016,9,57,3097837,TX,76310-1114,TX,270.65,NULL,3,0,1,1,0,1,1,1,1,0,1,1,1,1,1,0,NULL,0,NULL,0,NULL,Services,General Other,NULL,NULL,NULL,0
0,D10A8353-3217-4A0D-9913-1173DDC6BE73,1/4/2016,0,0,0,21161.91,4851.58,16310.33,875.27,12.5,10,10/28/2016,7,58,3098104,TX,78589-3175,TX,480.49,NULL,NULL,0,1,1,0,1,1,1,1,0,1,1,1,1,1,0,NULL,0,NULL,0,NULL,Transportation,General Transportation,NULL,NULL,NULL,0
0,2F08E3DE-5611-4821-AE9F-12A518476FD5,1/7/2016,0,5.3,0,1153,288.25,864.75,88.53,23.95,9,9/24/2016,9,59,3083718,CA,91605-6317,TX,0,NULL,3,0,1,1,0,1,1,1,1,0,1,1,1,1,1,0,NULL,0,NULL,1,3/17/2015,Government,City,NULL,3/7/2016,NULL,0
0,113AA754-C95E-4CEF-A055-E15C1426304C,1/7/2016,0,28.07,25,1022.5,368.12,654.38,67.06,23.95,9,10/4/2016,9,60,3036466,NC,28277-3153,TX,0,NULL,NULL,0,1,1,0,1,1,1,1,0,1,1,1,1,1,0,NULL,0,NULL,0,NULL,Construction,General Construction,NULL,10/10/2016,NULL,0
0,712EF56D-578E-443E-A277-BB5EE1BBC0F3,1/19/2016,0,47.31,0,10899,2837.25,8061.75,453.33,13.3,9,10/11/2016,9,61,3098690,CA,90803-5319,TX,-917.38,NULL,3,0,1,1,0,1,1,1,1,0,1,1,1,1,1,0,NULL,0,NULL,0,NULL,Real Estate,General Other,NULL,9/21/2016,NULL,0
0,0374A4B5-A616-4374-A2D0-51508AC84413,1/25/2016,0,0,0,2190,750,1440,122.31,19.95,9,10/16/2016,9,62,3062611,TN,37650-2124,TX,0,NULL,NULL,0,1,1,0,1,1,1,1,0,1,1,1,1,1,0,NULL,0,NULL,0,NULL,General,General Other,NULL,NULL,NULL,0
0,46B322DA-55FF-4EFE-851A-90EE9FAD2FFD,1/25/2016,0,24.4,0,5766.61,1685.4,4081.21,311.24,17.95,9,10/19/2016,9,63,3098925,TX,78842-0551,TX,0,NULL,NULL,0,1,1,0,1,1,1,1,0,1,1,1,1,1,0,NULL,0,NULL,1,3/22/2016,Services,General Other,NULL,2/29/2016,NULL,0
1,EA1AECE2-7466-40DD-8BB2-3A2BA1C5FB29,1/26/2016,0,10.35,0,1176,613.5,562.5,57.6,23.95,9,9/30/2016,6,64,3099016,TX,75229-5441,TX,0,NULL,NULL,0,1,1,0,1,1,1,1,0,1,1,1,1,1,0,NULL,0,NULL,0,NULL,Manufacturing,General Other,NULL,8/10/2016,NULL,0
0,D0354BC5-7C58-4DCC-85D5-E7D441139316,1/27/2016,0,0,0,40398.97,10533.37,29865.6,1469.07,12.5,9,10/23/2016,9,65,3099038,TX,78577,TX,1192.86,NULL,NULL,0,1,1,0,1,1,1,1,0,1,1,1,1,1,0,NULL,0,NULL,0,NULL,Transportation,Trucking,NULL,NULL,NULL,0
0,EB04874B-B4F9-416B-B083-0D16C7762A6E,1/27/2016,0,15.04,0,1764,516,1248,106.05,19.95,9,10/26/2016,9,66,3099040,TX,77627-0253,TX,0,NULL,3,0,1,1,0,1,1,1,1,0,1,1,1,1,1,0,NULL,0,NULL,0,NULL,Services,General Other,NULL,9/6/2016,NULL,0
0,4FEF2D39-8384-4BF8-82FF-6F423E87ABD9,2/2/2016,0,0,0,2960.35,788.35,2172,161.9,15.95,10,11/29/2016,10,67,3037721,TX,77979-3610,TX,4.33,NULL,NULL,0,1,1,0,1,1,1,1,0,1,1,1,1,1,0,NULL,0,NULL,0,NULL,General,Personal DBA,NULL,NULL,NULL,0
0,05B27F21-5CC5-420E-BD8B-02DE0A610D17,2/3/2016,0,0,0,59524.06,10021.23,49502.83,2613.92,12.5,9,11/5/2016,9,68,3099368,TX,78572-4713,TX,9363.92,NULL,NULL,0,1,1,0,1,1,1,1,0,1,1,1,1,1,0,NULL,0,NULL,0,NULL,Transportation,General Transportation,NULL,3/15/2016,NULL,0
0,59A5E4C8-F608-4E39-AD6F-2E083590C512,2/5/2016,0,0,0,17067.14,3781,13286.14,866.06,13.98,10,10/22/2016,10,69,3099504,TX,75206-6566,TX,682.34,NULL,5,1,1,1,0,1,1,1,1,0,1,1,1,1,1,0,NULL,1,6/2/2017,1,4/26/2017,Real Estate,Real Estate,NULL,NULL,NULL,0
0,4F387AE1-A629-471C-A39A-DDD6A195A6F3,2/11/2016,0,15.98,0,1768,442,1326,112.65,19.95,9,8/1/2016,9,70,3099704,TX,76706-2065,TX,0,NULL,3,0,1,1,0,1,1,1,1,0,1,1,1,1,1,0,NULL,0,NULL,0,NULL,General,Organization,,7/11/2016,NULL,0
0,185DFEB0-F10F-467F-81EE-4D01EBCE23C7,3/4/2016,0,10.98,0,997.51,399.38,598.13,61.3,23.95,9,11/6/2016,9,71,3035198,TX,79015-6607,TX,0,NULL,5,0,1,1,0,1,1,1,1,0,1,1,1,1,1,0,NULL,0,NULL,1,6/10/2013,General,General Blended,NULL,11/16/2016,NULL,0
0,73702FFA-75D3-4499-B185-5FF2A75B5967,3/10/2016,0,0,0,27990.53,7953.43,20037.1,850.26,11.5,9,12/5/2016,9,72,3100936,TX,78576-8124,TX,701.48,NULL,3,0,1,1,0,1,1,1,1,0,1,1,1,1,1,0,NULL,0,NULL,0,NULL,Transportation,General Transportation,,NULL,NULL,0
0,112050D7-42F8-46E3-AEF9-38E2D608EE74,3/14/2016,15,9.5,0,1228.6,453.4,775.2,79.44,23.95,9,12/9/2016,9,73,3101051,CA,92648-8143,TX,0.05,NULL,NULL,0,1,1,0,1,1,1,1,0,1,1,1,1,1,0,NULL,0,NULL,0,NULL,Real Estate,Real Estate,,5/19/2016,NULL,0
0,6367E770-B316-473E-AF89-427DD249ECE7,3/21/2016,0,10,0,1148,287,861,65.91,17.95,9,12/12/2016,9,74,3085266,FL,33312-3531,TX,78.32,NULL,5,1,1,1,0,1,1,1,1,0,1,1,1,1,1,0,NULL,1,4/24/2017,1,4/16/2015,General,General Other,B,4/18/2016,NULL,0
0,FF0EA1A7-1C91-446E-AB8E-73F9FEF88122,3/21/2016,0,0,0,9663.79,2820.62,6843.17,420.1,14.5,9,12/1/2016,9,75,3085007,TX,76906-1611,TX,18.45,NULL,2,1,1,1,0,1,1,1,1,0,1,1,1,1,1,1,3/15/2015,1,3/15/2015,1,3/5/2018,Real Estate,Real Estate,,NULL,NULL,0
0,5A075E28-D69F-4853-A170-4224AFE45189,3/23/2016,0,82,30,4034,1008.5,3025.5,254.5,17.95,10,12/28/2016,10,76,3084235,TX,75062-7108,TX,8.11,NULL,NULL,0,1,1,0,1,1,1,1,0,1,1,1,1,1,0,NULL,0,NULL,0,NULL,Real Estate,Real Estate,,1/9/2017,NULL,0
0,4436E2A9-1055-493F-8A96-436A0292FE2C,3/29/2016,0,0,0,4500.4,2476.6,2023.8,145.56,16.95,9,12/1/2016,9,77,3101719,TX,75237-2909,TX,0,NULL,0,0,1,1,0,1,1,1,1,0,1,1,1,1,1,0,NULL,0,NULL,0,NULL,Real Estate,Real Estate,,NULL,NULL,0
0,AD6393FB-0AED-4C80-A808-14FA80A99229,4/5/2016,0,345.72,0,13959.75,2992,10967.75,555.35,10.9,10,2/1/2017,6,78,3102118,TX,76134-5404,TX,493.5,NULL,2,1,1,1,0,1,1,1,1,0,1,1,1,1,1,0,NULL,1,5/4/2016,1,5/4/2016,Services,Church,,11/11/2016,NULL,0
1,9A5BF206-323A-49B0-BB7B-5F2FE9122F1D,4/8/2016,0,0,0,1180,568,612,48.7,16.99,10,1/5/2017,1,79,3102269,TX,75220-6646,TX,102,NULL,4,0,1,1,0,1,1,1,1,0,1,1,1,1,1,0,NULL,0,NULL,0,NULL,General,Personal DBA,,5/16/2016,NULL,0
0,45F6E956-A4BE-4B7B-8B30-1A9478F906EF,4/8/2016,0,722.82,0,30708,7677,23031,1063.3,9.95,10,2/1/2017,10,80,3096062,TX,75077-6909,TX,0,NULL,NULL,0,1,1,0,1,1,1,1,0,1,1,1,1,1,0,NULL,0,NULL,0,NULL,Real Estate,Real Estate,,1/11/2017,NULL,0
0,DE8C7C01-01EC-4568-8D7D-EC11390BE6B3,4/8/2016,15,24.08,0,3000,750,2250,157,14.95,10,2/1/2017,2,81,3102298,TX,76006-6119,TX,0,NULL,NULL,1,1,1,0,1,1,1,1,0,1,1,1,1,1,0,NULL,1,6/1/2016,1,6/1/2016,Real Estate,Finance,,7/11/2016,NULL,0
0,13F1AF91-B18F-4AEB-921D-0EF00467CF95,4/8/2016,0,25,0,2501,812.75,1688.25,117.85,14.95,10,2/1/2017,10,82,3102334,NJ,8053,TX,11.64,NULL,3,1,1,1,0,1,1,1,1,0,1,1,1,1,1,0,NULL,1,5/27/2017,1,5/29/2017,General,General Other,B,6/13/2016,NULL,0
0,19F786F3-2254-4DA7-8087-EEE1E5C99C74,4/22/2016,0,132.06,0,6619,2539.75,4079.25,323.55,16.95,10,12/28/2016,10,83,3102934,NV,89135,TX,0,NULL,2,0,1,1,0,1,1,1,1,0,1,1,1,1,1,0,NULL,0,NULL,1,12/14/2016,General,Personal DBA,NULL,1/9/2017,NULL,0
1,24E00C54-F65F-4CCE-A348-69794106B721,4/25/2016,36.23,13.68,0,4030,1495,2535,201.1,16.95,10,2/15/2017,3,84,3103000,MA,02777-3359,TX,0,NULL,NULL,1,1,1,0,1,1,1,1,0,1,1,1,1,1,0,NULL,1,5/16/2016,1,5/16/2016,Transportation,General Other,NULL,8/25/2016,NULL,0
0,9EC96C8E-7607-4265-B3BA-7CC6D18C5A93,4/25/2016,0,105,10,5343.87,1425.12,3918.75,280.95,15.35,10,2/16/2017,10,85,3103001,VA,23435-1772,TX,2.54,NULL,NULL,0,1,1,0,1,1,1,1,0,1,1,1,1,1,0,NULL,0,NULL,1,6/8/2016,Services,General Services,,2/23/2017,NULL,0
0,B5EC9ECE-56B2-409B-BEC9-99FAB45B7021,4/26/2016,0,0,0,9500,2850,6650,269.6,10.7,8,12/12/2016,8,86,3103030,TX,75647-2502,TX,-589,NULL,NULL,0,1,1,0,1,1,1,1,0,1,1,1,1,1,0,NULL,0,NULL,0,NULL,Real Estate,Real Estate,,5/23/2016,NULL,0
0,E167D478-10FA-4416-BBA8-D9DFA44F0C2C,4/28/2016,0,0,30,1030,580,450,37.8,17.95,10,2/7/2017,10,87,3103224,TX,75150-4142,TX,0,NULL,NULL,1,1,1,0,1,1,1,1,0,1,1,1,1,1,0,NULL,1,5/6/2016,1,5/9/2016,General,General Other,NULL,NULL,NULL,0
0,1D673750-0F82-482C-AA5D-3CC8397EA291,5/2/2016,0,0,0,2587,517.4,2069.6,164.2,16.95,10,3/1/2017,10,88,3103323,TX,77650-1509,TX,103.48,NULL,NULL,0,1,1,0,1,1,1,1,0,1,1,1,1,1,0,NULL,0,NULL,0,NULL,General,General Other,,7/11/2016,NULL,0
0,26DE6CA8-EEC0-48B7-961C-D0273939D557,5/6/2016,0,0,0,6664,2374,4290,340.3,16.95,10,2/15/2017,3,89,3087908,TX,75237-2431,TX,0,NULL,NULL,0,1,1,0,1,1,1,1,0,1,1,1,1,1,0,NULL,0,NULL,1,5/28/2015,Construction,General Other,NULL,NULL,NULL,0
0,C6B2EF72-ABE5-4424-AB57-9A52352C7770,5/12/2016,0,0,20,20975,5412.5,15562.5,846.7,11.7,10,2/1/2017,10,90,3103813,OK,74501-6092,TX,0,NULL,5,0,1,1,0,1,1,1,1,0,1,1,1,1,1,0,NULL,0,NULL,0,NULL,Real Estate,Real Estate,NULL,NULL,NULL,0
0,A31103C1-9E03-4921-94D1-BBDA170206F4,5/12/2016,0,0,0,1654.8,413.7,1241.1,104.4,17.95,10,3/15/2017,10,91,3010438,TX,76541-3231,TX,0,NULL,4,0,1,1,0,1,1,1,1,0,1,1,1,1,1,1,6/2/2016,0,NULL,1,8/22/2014,Services,General Other,NULL,NULL,NULL,0
1,7FE4B2B9-EC04-4B22-81BE-213CD46847C8,5/24/2016,0,43.11,30,4419.05,1648.51,2770.54,210.88,16.95,10,3/19/2017,5,92,3085522,TX,77979-6227,TX,0,NULL,2,0,1,1,0,1,1,1,1,0,1,1,1,1,1,0,NULL,0,NULL,1,9/11/2015,Services,General Other,NULL,11/29/2016,NULL,0
0,25086C61-F62A-4F57-AFD3-8F56217B06E6,6/1/2016,0,4.06,0,1333,583.3,749.7,63.1,17.95,10,3/22/2017,10,93,3104654,TX,75216-4719,TX,124.95,NULL,NULL,0,1,1,0,1,1,1,1,0,1,1,1,1,1,0,NULL,0,NULL,0,NULL,General,General Other,,7/5/2016,NULL,0
0,AF549A39-09D7-455A-969F-A1BC7C6603BC,6/1/2016,0,3.32,0,1180,568,612,51.5,17.95,10,3/12/2017,10,94,3104655,TX,75007,TX,102,NULL,NULL,0,1,1,0,1,1,1,1,0,1,1,1,1,1,0,NULL,0,NULL,1,2/13/2017,Manufacturing,General Other,,6/22/2016,NULL,0
0,D1D72B4C-7545-4C07-A0ED-CD03DF34E91E,6/6/2016,0,4644.73,0,190780.81,35789.7,154991.11,5992.56,11,9,2/28/2017,9,95,3104886,TX,78572-7299,TX,8435.2,NULL,NULL,0,1,1,0,1,1,1,1,0,1,1,1,1,1,0,NULL,0,NULL,0,NULL,Transportation,Trucking,,2/10/2017,NULL,0
0,30B08625-765D-4DDB-B6D4-459B15D456D3,6/7/2016,0,21.22,0,3346.55,1380.39,1966.16,155.94,16.95,10,4/7/2017,10,96,3104937,TX,75098-4079,TX,0,NULL,NULL,0,1,1,0,1,1,1,1,0,1,1,1,1,1,0,NULL,0,NULL,1,7/7/2016,General,General Other,NULL,10/17/2016,NULL,0
0,D3840BB5-FF82-4F4A-B3B4-98C53DA041EE,6/9/2016,0,17.45,0,1369.15,724.79,644.36,54.24,17.95,10,4/10/2017,10,97,3105061,TX,78737,TX,0,NULL,3,1,1,1,0,1,1,1,1,0,1,1,1,1,1,0,NULL,1,9/27/2016,1,9/28/2016,Transportation,Trucking,NULL,4/20/2017,NULL,0
0,20DD09A2-2AA8-42EA-93A6-CBA71195F114,6/17/2016,0,18.48,0,2283.24,570.81,1712.43,135.87,16.95,10,4/17/2017,1,98,3089876,AL,35124-6131,TX,213.75,NULL,4,0,1,1,0,1,1,1,1,0,1,1,1,1,1,0,NULL,0,NULL,1,8/12/2016,Real Estate,Real Estate,C,8/22/2016,NULL,0
1,4C7CAD00-1D86-40A6-BED1-DF8E9A02ED37,6/27/2016,0,58.57,0,8900.1,3244.11,5655.99,413.05,16.95,10,4/24/2017,9,99,3105793,TX,75220,TX,0,NULL,NULL,0,1,1,0,1,1,1,1,0,1,1,1,1,1,0,NULL,0,NULL,1,7/13/2016,General,General Other,NULL,5/4/2017,NULL,0
0,D0F72819-0C86-4ED7-922A-342A0E5149A6,6/27/2016,0,0,0,14309.95,3839.99,10469.96,349.75,7.948,9,3/10/2017,9,100,3105796,CA,94063,TX,0,NULL,NULL,0,1,1,0,1,1,1,1,0,1,1,1,1,1,0,NULL,0,NULL,0,NULL,Real Estate,Real Estate,,2/20/2017,NULL,0
1,76832725-E553-4B03-B787-52044AC10245,6/28/2016,0,54.4,0,8933,3249,5684,230.4,10.698,8,2/1/2017,4,101,3105847,OK,74017-3056,TX,-1122.95,NULL,3,0,1,1,0,1,1,1,1,0,1,1,1,1,1,0,NULL,0,NULL,0,NULL,Retail Trade,Auto Retail Trade,,11/11/2016,NULL,0
0,CE94FDC1-6F31-4139-960C-43587910CB6C,7/6/2016,0,110.26,0,28510.66,7596.42,20914.24,1137.86,11.7,10,5/7/2017,10,102,3013284,TX,77642-0315,TX,0,NULL,2,0,1,1,0,1,1,1,1,0,1,1,1,1,1,1,8/10/2015,0,NULL,1,7/25/2012,Services,General Other,NULL,4/18/2017,NULL,0
0,EE9A07B1-0F85-4C35-9E66-9748FF386D1A,7/12/2016,15,98.8,0,4881,1220.25,3660.75,290.35,16.95,10,4/8/2017,10,103,3067642,OK,74701-5032,TX,834,NULL,2,0,1,1,0,1,1,1,1,0,1,1,1,1,1,1,9/14/2015,0,NULL,1,9/14/2015,Services,General Services,,11/14/2016,NULL,0
0,0D46CE7E-838A-45A3-99D0-53326BB198FD,7/13/2016,0,207.92,0,12312,2398.45,9913.55,483.35,10.5,10,5/13/2017,10,104,3091390,TX,78542-1990,TX,1583.57,NULL,3,0,1,1,0,1,1,1,1,0,1,1,1,1,1,0,NULL,0,NULL,0,NULL,Transportation,General Transportation,,4/24/2017,NULL,0
0,C1F75960-9FA0-4ECF-8AEE-2940C935E1BC,7/13/2016,0,0,0,9853,1035.65,8817.35,503.5,13.5,9,3/26/2017,9,105,3013748,TX,75077-7076,TX,1427.6,NULL,1,1,1,1,0,1,1,1,1,0,1,1,1,1,1,0,NULL,1,7/2/2018,1,8/18/2014,Real Estate,Real Estate,,NULL,NULL,0
0,D87EB925-E9F6-44DC-99BA-59D314D62908,8/4/2016,0,0,0,1876,614.5,1261.5,106.1,17.95,10,5/29/2017,7,106,3107439,TX,75205-4511,TX,0,NULL,2,1,1,1,0,1,1,1,1,0,1,1,1,1,1,1,8/10/2016,1,8/10/2016,1,8/10/2016,Real Estate,Real Estate,,NULL,NULL,0
0,0F2ACEC4-F495-462C-B3E7-33765AFEA637,8/9/2016,0,0,0,1935,527,1408,89.2,13.593,10,6/12/2017,10,107,3107781,TX,75143,TX,70.4,NULL,4,0,1,1,0,1,1,1,1,0,1,1,1,1,1,0,NULL,0,NULL,0,NULL,General,General Other,B,NULL,NULL,0
0,58B00C9D-FF12-4160-B9C5-EE78DF1584C8,8/10/2016,0,0,0,7111.65,2025.41,5086.24,349.74,13.5,11,7/8/2017,11,108,3107829,TX,78255,TX,400.49,NULL,4,0,1,1,0,1,1,1,1,0,1,1,1,1,1,0,NULL,0,NULL,0,NULL,General,General Other,B,NULL,NULL,0
1,7BF69C75-DF3A-4F2F-AB5C-2348089F2BE0,8/15/2016,0,36.44,0,9573.4,2655.85,6917.55,369.85,11.5,10,5/22/2017,5,109,3108061,TX,75001-5334,TX,24.05,NULL,NULL,1,1,1,0,1,1,1,1,0,1,1,1,1,1,0,NULL,1,10/7/2016,1,10/7/2016,Retail Trade,Restaurant/Catering,,2/1/2017,NULL,0
0,E84ECA72-F831-4563-B9DF-BE6665EC386B,8/17/2016,0,0,0,15225,4556.25,10668.75,644.95,12.98,10,6/4/2017,10,110,3108176,TX,77705,TX,0,NULL,5,0,1,1,0,1,1,1,1,0,1,1,1,1,1,0,NULL,0,NULL,1,9/6/2016,Services,General Services,NULL,NULL,NULL,0
0,D1B04A38-4DCB-4E7A-8ECF-26BC7E20AE84,8/25/2016,0,0,0,15385,3958.75,11426.25,690.75,12.98,10,5/23/2017,10,111,3108580,TX,75455-2942,TX,0,NULL,2,1,1,1,0,1,1,1,1,0,1,1,1,1,1,1,8/30/2017,1,8/30/2017,1,8/30/2017,Real Estate,Real Estate,NULL,10/3/2016,NULL,0
0,E0BE2DA2-702B-459D-9FE5-9D5DA02314AF,9/2/2016,0,23.28,0,2466.85,1179.21,1287.64,109.43,19.958,9,5/24/2017,9,112,3109125,TX,75220,TX,-17.17,NULL,NULL,0,1,1,0,1,1,1,1,0,1,1,1,1,1,0,NULL,0,NULL,0,NULL,General,General Other,,6/5/2017,NULL,0
0,EBBFF524-67D7-4CFA-BD64-103E8663F938,9/15/2016,0,23.08,0,2852,713,2139,169.7,16.95,10,6/9/2017,8,113,3109711,TX,76180,TX,0,NULL,NULL,0,1,1,0,1,1,1,1,0,1,1,1,1,1,0,NULL,0,NULL,0,NULL,Transportation,Trucking,NULL,3/20/2017,NULL,0
0,37EF85B5-3956-40C7-9349-5F4921D231BA,9/16/2016,0,138.58,0,33516.51,6904,26612.51,1103.79,8.95,10,7/30/2017,10,114,3030952,TX,75043-8031,TX,1263.43,NULL,5,0,1,1,0,1,1,1,1,0,1,1,1,1,1,1,4/17/2017,0,NULL,1,4/17/2017,Real Estate,Real Estate,A,11/9/2016,NULL,0
0,C59694E4-2F87-4DA9-BDFC-AC167DAAB5DE,9/16/2016,0,0,0,49159.6,10401,38758.6,1526,8.5,10,7/30/2017,10,115,3081448,TX,75043-8031,TX,1839.92,NULL,NULL,0,1,1,0,1,1,1,1,0,1,1,1,1,1,1,5/18/2017,0,NULL,1,5/18/2017,Real Estate,Real Estate,,NULL,NULL,0
0,B59748CF-BC43-48D0-8053-AF7C94308764,9/27/2016,0,0,0,12595.8,3373.95,9221.85,417.15,9.75,10,7/23/2017,10,116,3076795,TX,75224,TX,0,NULL,2,1,1,1,0,1,1,1,1,0,1,1,1,1,1,0,NULL,1,10/20/2016,1,10/20/2016,General,Personal DBA,A,NULL,NULL,0
0,3E6F515C-A966-40E4-9AAC-456020B79E7C,9/27/2016,0,50,0,8400,2200,6200,327.1,11.35,10,7/25/2017,10,117,3077277,NJ,07852-9600,TX,0,NULL,5,1,1,1,0,1,1,1,1,0,1,1,1,1,1,1,10/24/2014,1,10/24/2014,1,10/24/2014,Services,General Other,,6/5/2017,NULL,0
1,FA8A25B4-38EE-46C4-81F7-42E50727D7FB,9/29/2016,0,4.28,0,1470,680,790,66.4,17.95,10,7/28/2017,8,118,3110548,TX,79936-5741,TX,-15.01,NULL,5,0,1,1,0,1,1,1,1,0,1,1,1,1,1,0,NULL,0,NULL,0,NULL,Services,General Services,,7/10/2017,NULL,0
0,99495AE7-6638-4596-A23E-2004F09A8E38,10/5/2016,0,14.87,0,3846.5,1091.56,2754.94,218.56,16.95,10,8/1/2017,10,119,3094677,CA,93619-2715,TX,0,NULL,NULL,1,1,1,0,1,1,1,1,0,1,1,1,1,1,0,NULL,1,10/16/2015,1,10/19/2015,General,General Other,NULL,7/11/2017,NULL,0
0,14B6D85B-B2A3-4CE1-8591-E699A6755501,10/6/2016,0,464.96,180,17216.03,3238.28,13977.75,688.64,12,9,7/1/2017,9,120,3077629,TX,78503-7404,TX,2268.43,NULL,4,0,1,1,0,1,1,1,1,0,1,1,1,1,1,0,NULL,0,NULL,1,10/6/2016,Transportation,General Transportation,C,7/11/2017,NULL,0
0,F5639F24-AFF7-47F2-BD7A-6D0BB35F5E29,10/7/2016,0,0,0,33763,6753,27010,1120.3,8.95,10,7/30/2017,10,121,3082761,TX,77568-3723,TX,1282.59,NULL,1,0,1,1,0,1,1,1,1,0,1,1,1,1,1,0,NULL,0,NULL,0,NULL,Real Estate,Real Estate,,NULL,NULL,0
0,D5BE3124-04F1-48B3-ABAC-A0E8B46F0171,10/12/2016,0,647.17,0,54033.95,11960.24,42073.71,1966.59,11.504,10,7/17/2017,10,122,3111232,TX,75067-4562,TX,-19.11,NULL,NULL,0,1,1,0,1,1,1,1,0,1,1,1,1,1,0,NULL,0,NULL,0,NULL,Services,Professional Services,,6/27/2017,NULL,0
0,6EEE550C-60A2-4B64-9950-0A8FF2992502,10/18/2016,0,443.8,0,31643,8360.75,23282.25,1126.42,9.55,11,9/11/2017,11,123,3111442,TX,79911,TX,1891.02,NULL,2,1,1,1,0,1,1,1,1,0,1,1,1,1,1,0,NULL,1,12/12/2016,1,12/12/2016,General,General Other,B,9/21/2017,NULL,0
0,08B28140-4B05-4246-809B-DC40B80B905A,10/18/2016,0,77.83,0,21598.18,5435.83,16162.35,960.8,11.7,11,9/7/2017,11,124,3077627,TX,77346-3728,TX,1340.52,NULL,2,1,1,1,0,1,1,1,1,0,1,1,1,1,1,1,12/8/2015,1,12/8/2015,1,1/26/2015,Services,General Other,A,5/17/2017,NULL,0
1,2F08D64E-D4F0-4C06-8F83-542260335501,10/19/2016,0,0,0,2144,911,1233,103.7,17.95,10,7/30/2017,0,125,3111520,TX,78705,TX,0.94,NULL,NULL,0,1,1,0,1,1,1,1,0,1,1,1,1,1,0,NULL,0,NULL,0,NULL,Services,General Other,,11/9/2016,NULL,0
0,5EE658FC-A52B-4E43-94B5-704E216C6510,10/21/2016,0,0,0,5707,1614.25,4092.75,294.48,16.95,9,7/16/2017,9,126,3078605,NC,28210-6019,TX,0,NULL,NULL,0,1,1,0,1,1,1,1,0,1,1,1,1,1,0,NULL,0,NULL,1,11/19/2014,Construction,Specialist,NULL,NULL,NULL,0
1,FE07B112-E878-4024-B298-B5BD700F01DD,10/24/2016,0,6.09,0,737,362,375,31.5,17.95,10,7/27/2017,9,127,3111509,TX,75703-4156,TX,2.16,NULL,NULL,0,1,1,0,1,1,1,1,0,1,1,1,1,1,0,NULL,0,NULL,0,NULL,Retail Trade,Grocery,,8/7/2017,NULL,0
0,2F5202B2-010A-4A48-9DA1-DAA9B008EE73,10/25/2016,0,29.4,0,2909.15,1092.82,1816.33,144.07,16.95,10,8/24/2017,9,128,3115241,TX,76259,TX,0,NULL,4,0,1,1,0,1,1,1,1,0,1,1,1,1,1,0,NULL,0,NULL,0,NULL,Services,General Other,NULL,9/5/2017,NULL,0
0,4245ED44-51EF-4E1A-A9E8-83B0C9B589F5,11/3/2016,15,61.84,0,1982.71,557,1425.71,119.89,17.95,10,8/27/2017,10,129,3112249,LA,70769-5317,TX,71.58,NULL,0,1,1,1,0,1,1,1,1,0,1,1,1,1,1,1,12/12/2016,1,4/10/2018,1,12/12/2016,Services,General Other,C,9/1/2017,NULL,0
0,035AC844-C48A-404C-831B-6AC081D1E89B,11/4/2016,0,125.31,30,11025,3131.25,7893.75,459.25,12.5,10,8/14/2017,10,130,3112291,TX,75247-5028,TX,1.09,NULL,5,1,1,1,0,1,1,1,1,0,1,1,1,1,1,1,7/13/2017,1,11/11/2016,1,7/13/2017,Services,General Services,,4/24/2017,NULL,0
1,488B1710-EB5F-4A77-8765-6CAB9F11D78E,11/7/2016,15,88.22,0,21000,4400,16600,1043.9,13.494,10,8/30/2017,9,131,3112380,OK,74033-3911,TX,791.21,NULL,2,1,1,1,0,1,1,1,1,0,1,1,1,1,1,0,NULL,1,11/21/2016,1,11/21/2016,Real Estate,Real Estate,A,9/5/2017,NULL,0
0,1D56F1DA-2764-4234-BE21-30CFF52781A4,11/8/2016,0,0,0,12567,3770.1,8796.9,356.62,10.7,8,7/1/2017,8,132,3105412,TX,75231,TX,-779.16,NULL,NULL,0,1,1,0,1,1,1,1,0,1,1,1,1,1,0,NULL,0,NULL,0,NULL,Real Estate,Real Estate,,1/11/2017,NULL,0
0,A6D0971E-C748-4C92-9634-ADC300A0E644,11/17/2016,0,0,0,8976.14,1817.32,7158.82,362.66,12,9,8/19/2017,9,133,3080026,TX,78577-7969,TX,741.15,NULL,NULL,0,1,1,0,1,1,1,1,0,1,1,1,1,1,0,NULL,0,NULL,0,NULL,Transportation,General Transportation,,NULL,NULL,0
0,ACF2747C-A1AC-4B82-8040-0BFBB520BFE4,11/17/2016,0,1086.46,60,30941.49,7166.26,23775.23,1056.47,12,9,8/17/2017,9,134,3112875,TX,77474,TX,2175.71,NULL,5,1,1,1,0,1,1,1,1,0,1,1,1,1,1,0,NULL,1,12/16/2016,1,12/16/2016,Transportation,Trucking,B,8/28/2017,NULL,0
0,8F399364-623A-4798-AAAE-17C326A3A619,11/22/2016,0,64.17,0,5285,1321.25,3963.75,314.45,16.95,10,9/1/2017,10,135,3096062,TX,75077-6909,TX,0,NULL,NULL,0,1,1,0,1,1,1,1,0,1,1,1,1,1,0,NULL,0,NULL,0,NULL,Real Estate,Real Estate,,7/11/2017,NULL,0
0,47DEDEE3-1745-482E-8192-C87AF8E0E9B2,11/23/2016,0,0,0,2225,706.25,1518.75,120.45,16.95,10,9/23/2017,9,136,3113113,TX,77083,TX,5.95,NULL,NULL,1,1,1,0,1,1,1,1,0,1,1,1,1,1,0,NULL,1,12/17/2016,1,12/19/2016,General,General Other,,NULL,NULL,0
0,0BAD52F2-92E0-4210-B47A-61F1BC58F34C,11/29/2016,0,23.93,0,6288.35,1853.34,4435.01,351.79,16.95,10,9/1/2017,2,137,3113218,TX,75006,TX,0,NULL,1,0,1,1,0,1,1,1,1,0,1,1,1,1,1,1,12/16/2016,0,NULL,1,12/16/2016,Services,Recreational Services,,12/12/2016,NULL,0
0,717C229F-458C-492E-8A96-3DD0FF122AC0,11/29/2016,0,0,0,9790,2937,6853,310.68,11.951,8,7/22/2017,8,138,3113229,TX,75702-1133,TX,-606.98,NULL,5,0,1,1,0,1,1,1,1,0,1,1,1,1,1,0,NULL,0,NULL,0,NULL,Services,General Services,B,1/3/2017,NULL,0
0,E106A4C4-1311-4FA8-9FC6-3B1976C20A97,12/1/2016,0,0,0,27000,5640,21360,1313.1,13.196,10,9/20/2017,10,139,3113369,TX,77058-3146,TX,1014.6,NULL,5,0,1,1,0,1,1,1,1,0,1,1,1,1,1,0,NULL,0,NULL,0,NULL,Services,General Services,,NULL,NULL,0
0,EB7AEAA9-FB1D-4DAD-A0B2-3136728A9E63,12/1/2016,0,0,0,1643,746,897,75.4,17.95,10,9/13/2017,10,140,3097152,TX,77520-5377,TX,0,NULL,NULL,0,1,1,0,1,1,1,1,0,1,1,1,1,1,0,NULL,0,NULL,0,NULL,Services,General Services,NULL,NULL,NULL,0
0,8E6462E6-61F3-40BF-9090-303C40A1E92E,12/16/2016,0,0,0,2273,662,1611,115.92,16.95,9,9/16/2017,9,141,3034687,NC,28277-2176,TX,0,NULL,NS,0,1,1,0,1,1,1,1,0,1,1,1,1,1,1,2/10/2013,0,NULL,1,2/11/2013,Services,General Services,NULL,NULL,NULL,0
0,365FFAB7-A69B-4CEE-9ECA-FCDAAEEB8E5B,12/16/2016,0,0,0,1543.26,672.95,870.31,44.09,12,9,8/15/2017,9,142,3114040,TX,78501-5979,TX,102.39,NULL,3,0,1,1,0,1,1,1,1,0,1,1,1,1,1,0,NULL,0,NULL,0,NULL,Transportation,General Transportation,B,NULL,NULL,0
1,F76B983C-B4A3-4CF7-BFDF-C4824C6FE5B2,12/20/2016,0,0,0,892.49,298.5,593.99,72.61,25.845,10,10/12/2017,0,143,3114136,TX,79045,TX,37.12,NULL,NS,0,1,1,0,1,1,1,1,0,1,1,1,1,1,0,NULL,0,NULL,0,NULL,Services,Cleaning Services,,1/23/2017,NULL,0
0,70324996-D195-4A4B-A239-F3193AC28368,12/21/2016,15,12.09,0,3257.71,1017.57,2240.14,177.66,16.95,10,10/26/2017,10,144,3114171,CA,96022-9316,TX,0,NULL,3,0,1,1,0,1,1,1,1,0,1,1,1,1,1,0,NULL,0,NULL,1,2/23/2017,General,General Other,NULL,2/6/2017,NULL,0
0,F45E70EB-1224-43DB-9276-6A5B3B127E28,12/22/2016,30,142.38,0,5302.84,1537.15,3765.69,303.21,17.2,10,10/16/2017,10,145,3097610,AL,36853-4690,TX,0,NULL,NULL,1,1,1,0,1,1,1,1,0,1,1,1,1,1,1,1/14/2016,1,1/14/2016,1,1/14/2016,Agriculture,General Other,NULL,10/23/2017,NULL,0
0,364692B1-DA51-4197-8544-5287FA4212C4,12/23/2016,0,9.29,0,2896.95,1136.74,1760.21,98.69,12.05,10,10/8/2017,10,146,3114316,CO,80526-2942,TX,0,NULL,3,1,1,1,0,1,1,1,1,0,1,1,1,1,1,0,NULL,1,1/9/2017,1,1/9/2017,General,Organization,B,9/13/2017,NULL,0
0,DC6AF313-2762-466B-8937-5947681FFC9A,12/30/2016,0,0,0,1621.2,405.3,1215.9,92.1,16.2,10,10/31/2017,10,147,3114505,TX,77385-3415,TX,138.75,NULL,NULL,0,1,1,0,1,1,1,1,0,1,1,1,1,1,0,NULL,0,NULL,0,NULL,General,General Other,,NULL,NULL,0
0,1193CE8F-4B3E-4F2F-AA24-FED14365C976,1/4/2017,0,0,0,3762.95,1079.49,2683.46,213.59,16.95,10,11/2/2017,10,148,3114634,FL,32701-3489,TX,9.45,NULL,2,0,1,1,0,1,1,1,1,0,1,1,1,1,1,0,NULL,0,NULL,0,NULL,General,General Other,B,NULL,NULL,0
0,8BA8C0F6-6CE1-4F39-8640-E67AF408700C,1/13/2017,0,0,0,3272.84,1193.21,2079.63,167.47,17.2,10,10/30/2017,10,149,3115068,TX,77726,TX,0,NULL,4,0,1,1,0,1,1,1,1,0,1,1,1,1,1,0,NULL,0,NULL,0,NULL,Real Estate,Real Estate,NULL,NULL,NULL,0
1,E9ADC15D-312C-44CD-8BDC-DA436514BE9C,1/20/2017,0,163.21,0,20135.67,3994.83,16140.84,748.96,10,10,11/3/2017,8,150,3115351,TX,75217,TX,2691.14,NULL,3,0,1,1,0,1,1,1,1,0,1,1,1,1,1,0,NULL,0,NULL,0,NULL,Transportation,Trucking,A,10/13/2017,NULL,0
0,D9064B01-BC2A-4AC2-8C63-4F79470C98CA,2/13/2017,0,21.87,0,3182.51,1051.57,2130.94,171.56,17.2,10,12/4/2017,10,151,3099712,TX,76008-6404,TX,0,NULL,NULL,0,1,1,0,1,1,1,1,0,1,1,1,1,1,0,NULL,0,NULL,0,NULL,General,General Other,NULL,12/14/2017,NULL,0
0,7A61ECC6-5842-401D-9B8B-972D8159CF38,2/15/2017,0,33.6,0,3886.05,777.21,3108.84,250.36,17.2,10,12/14/2017,10,152,3100657,TX,77092-7221,TX,655.04,NULL,2,1,1,1,0,1,1,1,1,0,1,1,1,1,1,1,3/17/2016,1,3/17/2016,1,3/17/2016,Real Estate,Real Estate,A,12/27/2017,NULL,0
0,CC9B2BCA-5BAB-4397-AC7A-8C25E509A180,2/15/2017,0,0,0,499,237.25,261.75,20.22,18.2,9,11/1/2017,9,153,3115915,TX,77840-2942,TX,0,NULL,NULL,1,1,1,0,1,1,1,1,0,1,1,1,1,1,1,2/28/2017,1,2/28/2017,1,2/28/2017,Real Estate,Real Estate,,NULL,NULL,0
1,481DE8CA-5AC3-45B4-A123-820020D6B887,2/17/2017,15,16.1,0,4195,1215.62,2979.38,239.92,17.2,10,12/17/2017,6,154,3039663,LA,71106-9346,TX,0,NULL,NULL,0,1,1,0,1,1,1,1,0,1,1,1,1,1,0,NULL,0,NULL,1,3/15/2013,Services,General Other,NULL,9/22/2017,NULL,0
0,41A2D4A8-5447-43DC-BA97-C96E102D2ED2,2/21/2017,0,0,0,12331.5,2488.76,9842.74,433.66,9.5,10,12/6/2017,10,155,3099710,TX,78577-8834,TX,1051.01,NULL,4,0,1,1,0,1,1,1,1,0,1,1,1,1,1,0,NULL,0,NULL,0,NULL,General,Personal DBA,B,NULL,NULL,0
0,33CC7EA1-7568-4325-BE61-D8F4C8EBF177,2/28/2017,0,188.08,0,6251.7,1900.42,4351.28,350.32,17.2,10,12/24/2017,10,156,3117178,TX,75077,TX,0,NULL,NULL,1,1,1,0,1,1,1,1,0,1,1,1,1,1,0,NULL,1,4/17/2017,1,4/18/2017,Real Estate,Finance,NULL,1/3/2018,NULL,0
0,565D9BC0-619A-493B-9F8F-976F1B08C229,3/6/2017,0,0,0,2194.51,609.41,1585.1,140.6,18.91,10,12/19/2017,10,157,3117488,TX,77022-5755,TX,15.25,NULL,3,1,1,1,0,1,1,1,1,0,1,1,1,1,1,1,3/18/2017,1,3/18/2017,1,3/20/2017,General,General Other,,NULL,NULL,0
0,72FDE5B7-54D7-49E9-AFD9-DF52FE077BB7,3/7/2017,0,13.98,0,13495,2911.28,10583.72,618.24,11.5,11,2/4/2018,5,158,3101041,TX,77384,TX,942.63,NULL,1,1,1,1,0,1,1,1,1,0,1,1,1,1,1,0,NULL,1,8/1/2017,1,4/4/2017,Mining,Oil,A,9/28/2017,NULL,0
0,CCA3B89D-D024-4F6B-9610-2F409F9C8AF4,3/8/2017,0,0,0,3727.51,1119.38,2608.13,209.97,17.2,10,12/24/2017,10,159,3117630,TX,75154,TX,0,NULL,2,0,1,1,0,1,1,1,1,0,1,1,1,1,1,0,NULL,0,NULL,0,NULL,General,Technical Assortment,NULL,9/5/2017,NULL,0
0,6CF121DC-CA97-44B2-B378-4571A177083E,3/8/2017,0,0,0,2054.85,679,1375.85,96.05,14.95,10,1/13/2018,10,160,3117641,TX,77401-5622,TX,68.76,NULL,4,0,1,1,0,1,1,1,1,0,1,1,1,1,1,0,NULL,0,NULL,0,NULL,Real Estate,Real Estate,,4/24/2017,NULL,0
0,12592980-605D-4402-9F06-62FE1233D8D7,3/8/2017,0,141.04,0,4451.25,1187.81,3263.44,262.76,17.2,10,1/6/2018,10,161,3117643,NY,10803-1204,TX,0,NULL,4,0,1,1,0,1,1,1,1,0,1,1,1,1,1,0,NULL,0,NULL,0,NULL,General,Technical Assortment,,1/11/2018,NULL,0
0,1EBC0607-8467-474E-AADA-E8A523B06C0C,3/10/2017,0,0,0,1237.95,309.49,928.46,79.24,18.2,10,1/29/2018,10,162,3066847,TX,76569-3754,TX,7.54,NULL,1,0,1,1,0,1,1,1,1,0,1,1,1,1,1,0,NULL,0,NULL,1,7/27/2015,Construction,General Construction,A,NULL,NULL,0
1,C7F982FC-42C3-456C-B654-99E4779CE584,3/15/2017,0,0,0,8536.4,1929.86,6606.54,334.71,12,9,12/14/2017,0,163,3117963,TX,78566,TX,1135.75,NULL,NULL,0,1,1,0,1,1,1,1,0,1,1,1,1,1,0,NULL,0,NULL,0,NULL,General,Personal DBA,,4/24/2017,NULL,0
0,6E3F8D75-8B8A-4C4A-9FFA-79EDDC9CB20D,3/21/2017,0,0,0,3415.75,928.72,2487.03,178.95,16.95,9,12/20/2017,0,164,3082989,TX,78521-3575,TX,255.86,NULL,4,0,1,1,0,1,1,1,1,0,1,1,1,1,1,0,NULL,0,NULL,1,1/28/2015,Construction,General Other,,NULL,NULL,0
0,46A65752-7BC7-446A-853F-D9E6AC6F2B52,3/23/2017,0,432.96,0,13136.75,2896,10240.75,583.25,12.24,10,1/17/2018,10,165,3118360,TX,76133-3303,TX,525.86,NULL,NULL,0,1,1,0,1,1,1,1,0,1,1,1,1,1,1,7/20/2017,0,NULL,1,7/20/2017,Transportation,General Transportation,,1/29/2018,NULL,0
0,59C967A6-2BC5-4FC3-8830-7ED04FA7C5E7,3/23/2017,0,0,0,2485.35,752.59,1732.76,141.54,17.45,10,1/27/2018,10,166,3118412,TX,77657,TX,0,NULL,4,0,1,1,0,1,1,1,1,0,1,1,1,1,1,1,5/4/2017,0,NULL,1,5/4/2017,Construction,General Construction,NULL,NULL,NULL,0
0,50BEDDFA-F264-4A51-A548-3201F65AAB24,3/23/2017,0,0,0,1916.25,647.81,1268.44,109.76,18.45,10,1/23/2018,10,167,3118413,TX,77056-3899,TX,10.63,NULL,NULL,1,1,1,0,1,1,1,1,0,1,1,1,1,1,0,NULL,1,4/13/2017,1,4/13/2017,Real Estate,Finance,,NULL,NULL,0
1,D7FC7C99-544B-4AD2-B61E-2F73D517CBE8,3/24/2017,0,4.81,0,1485.76,418.55,1067.21,120.93,25.849,10,1/20/2018,7,168,3118425,TX,77433,TX,53.58,NULL,NULL,1,1,1,0,1,1,1,1,0,1,1,1,1,1,0,NULL,1,4/19/2017,1,4/19/2017,Services,Cleaning Services,,11/30/2017,NULL,0
0,0A8F83BE-0F4F-48EA-805F-4763BE140246,3/24/2017,0,0,0,10644.75,2661.19,7983.56,329.24,8.899,10,1/10/2018,10,169,3118474,OK,74743-4051,TX,-11.44,NULL,NULL,0,1,1,0,1,1,1,1,0,1,1,1,1,1,0,NULL,0,NULL,0,NULL,Real Estate,Real Estate,,NULL,NULL,0
0,E1A5CBC2-3EE8-4D37-941F-8F4394467CD1,3/29/2017,0,0,0,9267.7,2316.92,6950.78,386.32,11.949,10,1/20/2018,10,170,3118696,TX,75159-2234,TX,11.93,NULL,3,0,1,1,0,1,1,1,1,0,1,1,1,1,1,0,NULL,0,NULL,0,NULL,General,Organization,B,NULL,NULL,0
0,F2AF84C5-9673-40D3-A340-A822B73E80F3,3/29/2017,0,0,0,12257,3064.25,9192.75,510.95,11.949,10,1/22/2018,10,171,3103016,TX,75180,TX,15.78,NULL,NULL,0,1,1,0,1,1,1,1,0,1,1,1,1,1,0,NULL,0,NULL,0,NULL,General,Organization,,NULL,NULL,0
0,007AE048-9DA2-48F7-8951-4290601FDD81,4/4/2017,0,5,0,17532.23,9000,8532.23,401.97,10.15,10,2/4/2018,6,172,3119003,MT,59901,TX,0,NULL,2,1,1,1,0,1,1,1,1,0,1,1,1,1,1,1,5/18/2017,1,5/18/2017,1,5/18/2017,General,General Other,B,5/9/2017,NULL,0
0,AFF102C8-E886-4EE7-BF15-D0EB69E3E024,4/7/2017,0,41.62,0,10500,2625,7875,448.9,12.25,10,2/1/2018,10,173,3102677,TX,75701-3895,TX,0,NULL,3,1,1,1,0,1,1,1,1,0,1,1,1,1,1,0,NULL,1,6/6/2017,1,6/6/2017,Real Estate,Finance,NULL,7/11/2017,NULL,0
1,578FE1B2-68EF-4BA7-A1FD-52536F3ECC48,4/20/2017,0,0,0,1750.6,595.18,1155.42,90.42,18.45,3,12/12/2017,0,174,3119777,NJ,7503,TX,28.06,NULL,4,0,1,1,0,1,1,1,1,0,1,1,1,1,1,0,NULL,0,NULL,0,NULL,General,General Other,,6/22/2017,NULL,0
0,61B3C352-BAF8-4389-852F-ABF868BC4196,4/20/2017,0,6.17,0,693,337.2,355.8,14.31,23.95,3,7/17/2017,1,175,3119705,PA,19020,TX,0,NULL,NULL,0,1,1,0,1,1,1,1,0,1,1,1,1,1,0,NULL,0,NULL,0,NULL,General,Personal DBA,,6/22/2017,NULL,0
0,EB9DA500-6A52-462E-ACCE-C8E22636BDB9,4/26/2017,0,0,0,17153,4288.25,12864.75,715.05,11.949,10,2/19/2018,10,176,3120018,TX,79103,TX,16.19,NULL,NULL,0,1,1,0,1,1,1,1,0,1,1,1,1,1,0,NULL,0,NULL,0,NULL,Real Estate,Real Estate,,NULL,NULL,0
1,4DE02843-1FF7-4899-9DA6-C9A7CEE84EBC,4/27/2017,0,31.86,0,10453,5000,5453,282.07,12.25,9,1/27/2018,4,177,3120111,NC,28227,TX,0,NULL,NULL,0,1,1,0,1,1,1,1,0,1,1,1,1,1,0,NULL,0,NULL,1,5/30/2017,Construction,General Construction,NULL,10/2/2017,NULL,0
0,3D1CFA04-6F27-4754-AEBA-BEB8FEDCB763,5/5/2017,0,0,0,22772,5693,17079,969.5,12.2,10,3/1/2018,6,178,3107554,TX,75069,TX,0,NULL,1,0,1,1,0,1,1,1,1,0,1,1,1,1,1,0,NULL,0,NULL,0,NULL,Real Estate,Real Estate,NULL,NULL,NULL,0
0,7596C565-F98F-4F22-8F99-2D16555ADEFC,5/17/2017,0,11.5,0,3234.8,1108.7,2126.1,173.7,17.45,10,3/15/2018,7,179,3121102,AZ,85213-2922,TX,0,NULL,NULL,0,1,1,0,1,1,1,1,0,1,1,1,1,1,0,NULL,0,NULL,0,NULL,General,General Other,C,6/20/2017,NULL,0
0,3EABE869-42B0-4605-8572-257B77A32E0B,5/17/2017,0,0,0,1654.8,413.7,1241.1,107.4,18.45,10,3/15/2018,10,180,3121103,TX,76541,TX,0,NULL,4,0,1,1,0,1,1,1,1,0,1,1,1,1,1,1,6/13/2017,0,NULL,1,6/14/2017,General,General Other,NULL,NULL,NULL,0
0,4E3C95CD-6A6A-4875-80FA-EEA9F914C8B0,5/25/2017,0,45.93,0,4350.15,1368.79,2981.36,243.64,17.45,10,3/16/2018,10,181,3121522,TX,77726-7466,TX,0,NULL,NS,0,1,1,0,1,1,1,1,0,1,1,1,1,1,0,NULL,0,NULL,0,NULL,General,Organization,C,3/26/2018,NULL,0
0,CB3FEA7B-C613-41E0-893C-E43D0670F944,5/26/2017,0,0,0,6241,1657.75,4583.25,319.85,14.95,10,3/23/2018,10,182,3121619,NJ,07470-4842,TX,40.37,NULL,1,0,1,1,0,1,1,1,1,0,1,1,1,1,1,0,NULL,0,NULL,0,NULL,General,General Blended,B,10/3/2017,NULL,0
0,ACC064D3-DD9D-4777-A66D-266B908F7A41,6/1/2017,0,434.28,0,25097.5,4500,20597.5,1115.8,11.65,10,2/23/2018,10,183,3121832,TX,78238,TX,1473.2,NULL,3,0,1,1,0,1,1,1,1,0,1,1,1,1,1,1,9/14/2017,0,NULL,1,9/15/2017,Real Estate,Real Estate,A,3/5/2018,NULL,0
0,B1633261-6DCE-4D81-BE84-2E845A07D3A1,6/13/2017,0,0,0,13734.4,3433.6,10300.8,572.6,11.951,10,3/30/2018,10,184,3122371,OK,73507-2201,TX,17.71,NULL,3,0,1,1,0,1,1,1,1,0,1,1,1,1,1,0,NULL,0,NULL,0,NULL,Services,General Services,C,7/5/2017,NULL,0
0,22CF8122-FABD-4E29-BDE8-710544C1642B,6/15/2017,0,0,0,3431.25,1019.53,2411.72,215.52,17.45,11,5/23/2018,11,185,3051301,TX,77479,TX,0,NULL,5,0,1,1,0,1,1,1,1,0,1,1,1,1,1,0,NULL,0,NULL,0,NULL,Services,General Other,B,NULL,NULL,0
0,5168B26B-5224-46D3-AF8E-64A2B5F4670F,6/15/2017,0,0,0,3018.71,803.74,2214.97,181.03,17.45,10,4/10/2018,10,186,3122537,TX,76084,TX,111.03,NULL,NULL,0,1,1,0,1,1,1,1,0,1,1,1,1,1,0,NULL,0,NULL,0,NULL,Transportation,General Transportation,C,NULL,NULL,0
0,585D44C3-75A9-4DF6-B490-C5D1DA03B413,6/22/2017,0,0,0,52182.5,8592.38,43590.12,2022.78,10,10,4/21/2018,10,187,3122857,TX,77045-6312,TX,7460.27,NULL,2,0,1,1,0,1,1,1,1,0,1,1,1,1,1,0,NULL,0,NULL,0,NULL,Transportation,Trucking,,NULL,NULL,0
0,9D59BC33-3AF7-44A7-9C35-36E4CBC776D7,6/26/2017,0,30.16,0,7824.04,2068.51,5755.53,276.57,10.35,10,4/26/2018,10,188,3123034,VA,23462,TX,0,NULL,NULL,1,1,1,0,1,1,1,1,0,1,1,1,1,1,1,7/24/2017,1,7/24/2017,1,7/24/2017,Services,General Services,C,2/2/2018,NULL,0
0,547CD9F9-D7F2-4968-8799-54EF443953F6,6/26/2017,0,262.36,0,38838.02,11565.57,27272.45,1586.05,11.45,11,5/23/2018,11,189,3026364,TX,76050-2401,TX,0,NULL,1,0,1,1,0,1,1,1,1,0,1,1,1,1,1,0,NULL,0,NULL,0,NULL,Construction,Builder,B,11/2/2017,NULL,0
1,DFB531FD-EE90-4CA2-9A3A-9FA85A1171B5,6/26/2017,0,125.39,0,31500,7875,23625,1452.3,13.196,10,4/12/2018,3,190,3106415,TX,75237,TX,59.12,NULL,4,1,1,1,0,1,1,1,1,0,1,1,1,1,1,1,7/21/2016,1,7/21/2016,1,7/21/2016,Real Estate,Real Estate,B,10/23/2017,NULL,0
0,FEEF8663-661F-4767-A71E-2B80BE858DAF,6/27/2017,0,59.15,0,3148.95,937.24,2211.71,154.39,14.95,10,3/12/2018,10,191,3093849,TX,77429,TX,10.6,NULL,3,1,1,1,0,1,1,1,1,0,1,1,1,1,1,1,11/21/2016,1,11/21/2016,1,11/21/2016,General,General Other,C,3/22/2018,NULL,0
0,DE4029E6-25EB-46AD-A597-C46039C5B576,6/27/2017,0,0,0,13144.25,5396.79,7747.46,461.49,12.5,11,5/5/2018,11,192,3019763,TX,77474-4363,TX,543.49,NULL,1,0,1,1,0,1,1,1,1,0,1,1,1,1,1,0,NULL,0,NULL,0,NULL,General,Organization,A,10/16/2017,NULL,0
0,CB2EF286-2709-4429-AE46-BDFADF36C8CE,7/10/2017,0,0,0,27510,5223.75,22286.25,1240.81,12.45,10,5/26/2018,10,193,3106162,TX,76135-4363,TX,1214.75,NULL,3,1,1,1,0,1,1,1,1,0,1,1,1,1,1,1,8/1/2018,1,8/1/2018,1,8/1/2018,General,General Other,A,NULL,NULL,0
0,45CE4D9E-498C-4192-95C8-BC1055BFF4DC,7/10/2017,0,0,0,6411.8,1131.17,5280.63,335.97,13.65,10,5/8/2018,10,194,3123651,TX,79930,TX,787.66,NULL,3,1,1,1,0,1,1,1,1,0,1,1,1,1,1,0,NULL,1,8/3/2017,1,8/3/2017,Services,General Services,C,NULL,NULL,0
0,4BED2C2D-8822-46AA-B3FB-8827824241A0,7/14/2017,0,9.57,0,2823.45,893.37,1930.08,174.99,17.7,11,6/12/2018,11,195,3046354,TX,78251-2801,TX,0,NULL,2,0,1,1,0,1,1,1,1,0,1,1,1,1,1,0,NULL,0,NULL,0,NULL,Retail Trade,Restaurant/Catering,B,8/22/2017,NULL,0
0,BFA78F6B-0ED0-46F1-AF40-73122927EA5C,7/17/2017,0,77.87,0,19500,4875,14625,949.4,13.923,10,5/4/2018,10,196,3124003,OK,74361-3235,TX,86.2,NULL,NULL,0,1,1,0,1,1,1,1,0,1,1,1,1,1,0,NULL,0,NULL,0,NULL,Real Estate,Real Estate,C,12/11/2017,NULL,0
0,B6A49A8B-630B-4597-8404-0D6A1327D71B,7/25/2017,0,0,0,9954,877.59,9076.41,577.08,12.5,11,5/26/2018,11,197,3124427,TX,75077,TX,1610.91,NULL,NS,1,1,1,0,1,1,1,1,0,1,1,1,1,1,1,8/29/2017,1,8/29/2017,1,8/29/2017,Real Estate,Real Estate,,NULL,NULL,0
0,72F03F04-8B31-498B-80D0-80D59EAF6F07,7/25/2017,0,51.66,0,12672.08,2814.42,9857.66,473.64,10.35,10,5/20/2018,10,198,3099757,CA,92804,TX,0,NULL,NULL,1,1,1,0,1,1,1,1,0,1,1,1,1,1,1,10/19/2017,1,10/19/2017,1,8/21/2017,Transportation,General Transportation,C,1/30/2018,NULL,0
0,093C4602-40A3-4F2D-8DDC-5D6B93658B1C,7/26/2017,0,4.78,0,1320.91,442.73,878.18,77.02,18.7,10,4/4/2018,10,199,3124517,TX,75006-3627,TX,6.99,NULL,2,0,1,1,0,1,1,1,1,0,1,1,1,1,1,1,8/18/2017,0,NULL,1,8/18/2017,Real Estate,Real Estate,C,8/14/2017,NULL,0
0,1B89611F-E2F9-4941-A032-8208BF5A4C36,7/31/2017,0,0,0,624,93.6,530.4,46.5,18.7,10,5/28/2018,10,200,3071874,AR,71603-5538,TX,118.65,NULL,NULL,0,1,1,0,1,1,1,1,0,1,1,1,1,1,1,8/29/2017,1,4/27/2018,0,NULL,Retail Trade,Restaurant/Catering,C,NULL,NULL,0
0,9ED3A1FB-D5BB-4F81-8F1C-266FAF473EA4,8/1/2017,0,451.98,0,12600,3150,9450,594.5,13.5,10,6/18/2018,10,201,3108385,AZ,85262-8133,TX,31.33,NULL,NULL,1,1,1,0,1,1,1,1,0,1,1,1,1,1,0,NULL,1,4/18/2017,1,4/18/2017,General,General Other,C,6/25/2018,NULL,0
0,E650CB7A-528E-4534-9AB3-AA31D6269CD8,8/8/2017,0,0,0,9890.22,1996.93,7893.29,459.21,12.5,10,5/25/2018,10,202,3107154,TX,77536-3634,TX,835.76,NULL,NULL,0,1,1,0,1,1,1,1,0,1,1,1,1,1,0,NULL,0,NULL,1,8/28/2017,General,Personal DBA,D,NULL,NULL,0
0,B69C250D-8533-4184-AA1B-EF3A3950372F,8/17/2017,0,0,0,15436,4102.75,11333.25,631.55,11.98,10,6/16/2018,10,203,3125548,OK,73108-2067,TX,19.82,NULL,NULL,0,1,1,0,1,1,1,1,0,1,1,1,1,1,0,NULL,0,NULL,0,NULL,Real Estate,Real Estate,NULL,NULL,NULL,0
0,24742D58-1CA5-4AD8-A32A-3D0D946F5808,8/24/2017,0,8.66,0,2330,582.5,1747.5,158.47,17.7,11,7/3/2018,11,204,3018863,TX,76053-5744,TX,0,NULL,2,1,1,1,0,1,1,1,1,0,1,1,1,1,1,0,NULL,1,10/11/2016,1,10/11/2016,Real Estate,General Fin/Ins/Real,B,9/13/2017,NULL,0
0,6235DB6E-A088-41A6-B1D0-86B81D6FC8FE,8/31/2017,0,34.42,0,4474.62,1296.64,3177.98,263.52,17.7,10,6/25/2018,7,205,3075775,NM,88030-1659,TX,0,NULL,NULL,0,1,1,0,1,1,1,1,0,1,1,1,1,1,1,2/16/2015,0,NULL,1,2/16/2015,General,General Other,C,12/5/2017,NULL,0
0,46360009-0271-415A-964B-154246BAA006,9/11/2017,0,0,0,1614,864,750,65.8,18.7,10,6/15/2018,10,206,3055596,TX,78063,TX,0,NULL,NULL,1,1,1,0,1,1,1,1,0,1,1,1,1,1,1,9/13/2013,1,9/14/2015,1,9/13/2013,Services,Professional Services,C,NULL,NULL,0
0,A7F7200B-468F-4D5A-8995-784F91B65F74,9/12/2017,0,30.6,0,1992,867,1125,98.7,18.7,10,6/18/2018,10,207,3126639,TX,76063-1847,TX,0,NULL,NS,1,1,1,0,1,1,1,1,0,1,1,1,1,1,1,9/25/2017,1,9/25/2017,1,9/25/2017,Services,Professional Services,C,4/30/2018,NULL,0
0,E2E80959-30E2-465E-B703-6CA426E27516,9/12/2017,0,1010.45,0,51730.51,13045.13,38685.38,1731.62,9.65,10,6/25/2018,10,208,3126672,KY,41339,TX,0,NULL,0,1,1,1,0,1,1,1,1,0,1,1,1,1,1,1,10/22/2017,1,10/22/2017,1,10/23/2017,Services,General Services,NULL,4/30/2018,NULL,0
0,6EA0AB9B-7C36-4092-8D0E-6681D87EA577,9/18/2017,0,0,0,19533.54,5331.88,14201.66,500.6,9.95,10,7/7/2018,10,209,3126936,TX,78521,TX,1279.61,NULL,5,1,1,1,0,1,1,1,1,0,1,1,1,1,1,1,7/11/2018,1,7/11/2018,1,7/11/2018,Transportation,Trucking,NULL,NULL,NULL,0
0,05BEEF76-DBAC-4CA5-8C49-067EC11F5DA5,9/27/2017,0,0,0,5932.51,1595.63,4336.88,359.52,17.7,10,7/15/2018,10,210,3127436,TX,77079,TX,0,NULL,4,0,1,1,0,1,1,1,1,0,1,1,1,1,1,0,NULL,0,NULL,0,NULL,General,General Other,C,NULL,NULL,0
0,178137E3-5EDF-4187-A607-81EE7A92ADFB,9/27/2017,0,6.08,0,929.25,371.06,558.19,48.91,18.7,10,7/27/2018,10,211,3127441,TX,75134,TX,3.62,NULL,NULL,0,1,1,0,1,1,1,1,0,1,1,1,1,1,0,NULL,0,NULL,0,NULL,Services,General Services,NULL,12/7/2017,NULL,0
0,E655177B-64E0-421F-8E24-BF5CCA43774F,9/29/2017,0,101.76,0,4531,1109.42,3421.58,310.17,17.7,11,8/13/2018,11,212,3127591,AR,71854-0606,TX,275.45,NULL,3,0,1,1,0,1,1,1,1,0,1,1,1,1,1,1,10/22/2017,0,NULL,0,NULL,General,Personal DBA,B,8/20/2018,NULL,0
0,5BFFD33A-75F1-4040-9D04-918603737008,10/3/2017,0,8.22,0,1489,664,825,79.09,18.7,11,8/11/2018,11,213,3127692,TX,77511,TX,0,NULL,2,0,1,1,0,1,1,1,1,0,1,1,1,1,1,0,NULL,0,NULL,0,NULL,Retail Trade,Restaurant/Catering,B,11/21/2017,NULL,0
0,ED26095F-D49E-4715-BF92-D9AC14D08693,10/5/2017,0,0,0,19808.6,5514.66,14293.94,908.06,12.49,11,8/27/2018,11,214,3127872,TX,75006-3627,TX,1120.03,NULL,4,0,1,1,0,1,1,1,1,0,1,1,1,1,1,0,NULL,0,NULL,0,NULL,Real Estate,General Fin/Ins/Real,B,NULL,NULL,0
0,A502D1EF-B51D-4197-8D4D-0471CBF7EB7F,10/10/2017,0,12.47,0,3468.55,1157.67,2310.88,183.32,16.95,10,8/3/2018,10,215,3128042,TX,75057,TX,9.05,NULL,4,0,1,1,0,1,1,1,1,0,1,1,1,1,1,1,1/3/2018,0,NULL,1,1/3/2018,Transportation,General Other,C,8/13/2018,NULL,0
0,633B19DA-C45B-472D-BD68-1A9C6F265E48,10/12/2017,0,5.94,0,1955.01,863.75,1091.26,95.74,18.7,10,8/12/2018,10,216,3128207,WY,82420-0301,TX,0,NULL,NULL,1,1,1,0,1,1,1,1,0,1,1,1,1,1,1,10/20/2017,1,10/20/2017,1,10/23/2017,General,General Other,C,8/17/2018,NULL,0
1,1CC90800-31DC-424A-B9E0-3105F33C7293,10/17/2017,0,4.08,0,661,286,375,32.9,18.7,10,7/22/2018,7,217,3128382,TX,78218-5231,TX,0,NULL,5,0,1,1,0,1,1,1,1,0,1,1,1,1,1,0,NULL,0,NULL,0,NULL,Services,Church,C,6/1/2018,NULL,0
0,1AF63569-703F-4D08-9183-DDE686BCDA8F,10/19/2017,0,0,0,14970,3744,11226,713.18,12.49,11,9/14/2018,11,218,3078050,TX,79407-7858,TX,935.9,NULL,3,1,1,1,0,1,1,1,1,0,1,1,1,1,1,0,NULL,1,1/29/2015,0,NULL,Real Estate,Real Estate,A,NULL,NULL,0
0,456C0EA6-41AF-48F4-A486-D889EA8F2711,10/19/2017,0,11.94,0,1011.25,302.25,709,86.6,25.825,10,8/13/2018,3,219,3128508,LA,71295-6149,TX,44.31,NULL,NULL,0,1,1,0,1,1,1,1,0,1,1,1,1,1,1,12/19/2017,0,NULL,0,NULL,Services,General Services,C,1/18/2018,NULL,0
0,9DEA0AD7-DE20-4D13-B87A-DDA61FB2D818,10/25/2017,0,0,0,1190.3,365.08,825.22,72.38,18.7,10,8/18/2018,10,220,3112246,NV,89052-3149,TX,0,NULL,NULL,0,1,1,0,1,1,1,1,0,1,1,1,1,1,1,12/12/2016,0,NULL,1,12/12/2016,General,General Other,C,NULL,NULL,0
0,7B2345A9-1594-4CDB-9F1A-7AAAB685680D,10/30/2017,15,36.22,0,9022.72,2295.47,6727.25,516.95,16.43,10,8/14/2018,10,221,3112381,OK,74129-3007,TX,23.36,NULL,3,0,1,1,0,1,1,1,1,0,1,1,1,1,1,0,NULL,0,NULL,0,NULL,Real Estate,Real Estate,B,11/20/2017,NULL,0
0,5E552E5A-7DED-43B0-8BE7-FF7AF7BED41A,11/1/2017,0,22.4,0,1500,375,1125,107.88,18.7,11,9/27/2018,11,222,3078161,AR,72019-2400,TX,95.37,NULL,NULL,0,1,1,0,1,1,1,1,0,1,1,1,1,1,0,NULL,0,NULL,1,12/7/2018,General,Organization,D,3/5/2018,NULL,0
0,7B173CF9-E73E-4A87-B5BC-66BD506578C8,11/6/2017,0,0,0,4678,1423.75,3254.25,269.75,17.7,10,9/1/2018,10,223,3095915,CA,91711-1090,TX,0,NULL,NULL,0,1,1,0,1,1,1,1,0,1,1,1,1,1,0,NULL,0,NULL,0,NULL,General,General Other,C,NULL,NULL,0
0,03DD8A36-AC06-45D1-8D9E-A49DAE9A6966,11/6/2017,0,2.04,0,891,516,375,32.9,18.7,10,8/10/2018,0,224,3129284,TX,77401-3910,TX,0,NULL,NULL,0,1,1,0,1,1,1,1,0,1,1,1,1,1,0,NULL,0,NULL,0,NULL,General,General Other,C,11/20/2017,NULL,0
0,86B87BF9-EAB3-421B-8EB7-00BB73A9B461,12/7/2017,0,0,0,14677.35,3669.34,11008.01,510.79,10,10,9/12/2018,10,225,3113366,AR,72653-3317,TX,-59.62,NULL,1,1,1,1,0,1,1,1,1,0,1,1,1,1,1,1,12/8/2017,1,1/25/2017,1,12/8/2017,Services,General Services,B,NULL,NULL,0
1,08E35249-E53E-472D-8BF4-94EBA3F47278,12/6/2017,30,127.29,0,10600,2650,7950,535.7,14.443,10,9/13/2018,4,226,3130570,OK,74135,TX,-20.24,NULL,NULL,0,1,1,0,1,1,1,1,0,1,1,1,1,1,0,NULL,0,NULL,0,NULL,Real Estate,Finance,C,4/18/2018,NULL,0
0,B0122C15-63AC-4D8C-A581-75B8E3029E4F,12/8/2017,0,43.23,0,11343.02,3173.26,8169.76,475.34,12.5,10,10/5/2018,10,227,3130671,TX,75040-7466,TX,0,NULL,NULL,1,1,1,0,1,1,1,1,0,1,1,1,1,1,1,2/13/2018,1,2/13/2018,1,2/13/2018,General,Personal DBA,C,10/15/2018,NULL,0
0,17280725-F884-4F0F-BFE2-50B2D5973A49,12/28/2017,0,131.88,0,4991.56,1516.22,3475.34,292.26,17.95,10,10/16/2018,10,228,3131396,AL,36853-4690,TX,0,NULL,5,1,1,1,0,1,1,1,1,0,1,1,1,1,1,1,3/30/2018,1,3/30/2018,1,3/30/2018,General,General Other,C,10/22/2018,NULL,0
0,BE3D61A3-7FDA-497F-AE20-CD4BA3E1347F,1/12/2015,0,24.06,0,1022.5,368.12,654.38,67.06,23.95,9,10/4/2015,9,229,3036466,NC,28277-3153,TX,0,NULL,NULL,0,1,1,0,1,1,1,1,0,1,1,1,1,1,0,NULL,0,NULL,0,NULL,Construction,General Construction,NULL,10/9/2015,NULL,0
0,68061A1A-51EA-4676-817F-A687AFCBB91D,1/22/2015,0,53.48,0,6306.47,1290,5016.47,313.18,13.35,10,11/9/2015,10,230,3082688,FL,32819-7969,TX,268,NULL,NULL,0,1,1,0,1,1,1,1,0,1,1,1,1,1,0,NULL,0,NULL,1,8/7/2015,Transportation,General Other,NULL,8/14/2015,NULL,0
0,8CA93395-EBD7-487C-AB76-C76C13FF53E6,1/28/2015,0,7.48,15,1805,563.75,1241.25,105.42,19.95,9,10/23/2015,5,231,3082996,CA,91364,TX,0,NULL,NULL,0,1,1,0,1,1,1,1,0,1,1,1,1,1,0,NULL,0,NULL,0,NULL,Retail Trade,General Other,NULL,8/3/2015,NULL,0
0,0EA34D4D-0AED-40F6-922F-86B50EB311A4,2/2/2015,0,0,0,6135,1862.95,4272.05,312.92,17.95,10,11/28/2015,10,232,3083183,TX,76044-3550,TX,0,NULL,NULL,0,1,1,0,1,1,1,1,0,1,1,1,1,1,0,NULL,0,NULL,1,2/26/2015,General,Personal DBA,NULL,NULL,NULL,0
1,483241C5-D0F3-44AB-9BDA-AD9B203D4C52,2/9/2015,0,0,0,2643.73,712.74,1930.99,162.41,17.95,10,9/4/2015,0,233,3046826,TX,75088,TX,97.42,NULL,NULL,0,1,1,0,1,1,1,1,0,1,1,1,1,1,0,NULL,0,NULL,1,9/11/2013,Services,General Services,NULL,2/13/2015,NULL,0
0,BA6B9FAD-2194-4529-8877-53891315F73F,2/17/2015,0,0,0,8182.12,2243.53,5938.59,387.71,14,10,12/12/2015,10,234,3083992,TX,78570,TX,0,NULL,NULL,0,1,1,0,1,1,1,1,0,1,1,1,1,1,0,NULL,0,NULL,0,NULL,Transportation,General Transportation,NULL,NULL,NULL,0
0,1C9F6AC0-D35B-4FD1-B4B1-17DF5E893D94,2/17/2015,0,0,0,2215.74,965.98,1249.76,105.44,18,10,12/11/2015,10,235,3083994,TX,78582-9512,TX,0,NULL,NULL,0,1,1,0,1,1,1,1,0,1,1,1,1,1,0,NULL,0,NULL,0,NULL,Transportation,General Transportation,NULL,NULL,NULL,0
1,3380E163-ECE7-4EDE-A21C-A599C7D924A7,2/19/2015,15,251.18,0,54543,25050,29493,648.48,7.5,6,7/15/2015,3,236,3084080,CA,91201,TX,-5970.74,NULL,NULL,0,1,1,0,1,1,1,1,0,1,1,1,1,1,0,NULL,0,NULL,0,NULL,Real Estate,Real Estate,NULL,5/26/2015,NULL,0
0,4FDC5CD3-AA0F-4923-A957-33B02CE6CCD1,2/24/2015,0,0,0,889.95,514.95,375,38.37,23.95,9,11/1/2015,9,237,3039920,TX,78114-1659,TX,0,NULL,NULL,0,1,1,0,1,1,1,1,0,1,1,1,1,1,0,NULL,0,NULL,0,NULL,Agriculture,Terraforming,NULL,NULL,NULL,0
0,1F2586C7-5940-40AE-925D-192DF0C0EA9E,2/25/2015,0,0,0,4718.17,1296.98,3421.19,261.87,17.95,9,11/13/2015,9,238,3084355,FL,33176-2166,TX,0,NULL,NULL,1,1,1,0,1,1,1,1,0,1,1,1,1,1,0,NULL,1,4/11/2016,1,4/11/2016,Services,General Other,NULL,NULL,NULL,0
0,B5D2FE11-02C4-49CA-8FAB-7C2755C60AA6,3/2/2015,0,12.72,0,3328.79,982.2,2346.59,197.31,17.95,10,1/3/2016,10,239,3076120,TX,75206-5157,TX,0,NULL,4,1,1,1,0,1,1,1,1,0,1,1,1,1,1,1,4/11/2016,1,4/11/2016,1,4/11/2016,Services,Professional Services,NULL,12/14/2015,NULL,0
0,F81CB45C-99C0-4327-B28A-DC0544B56197,3/3/2015,0,0,0,24224.08,5320.02,18904.06,974.53,12,10,1/6/2016,9,240,3042619,TX,78573-3717,TX,683.58,NULL,4,0,1,1,0,1,1,1,1,0,1,1,1,1,1,0,NULL,0,NULL,1,8/7/2013,Transportation,General Transportation,NULL,NULL,NULL,0
0,5BDF166F-1C17-4F3B-94A3-E8BF18B44EAB,3/9/2015,0,25,20,12925.5,2997.9,9927.6,648.1,14,10,1/2/2016,10,241,3084920,NJ,7931,TX,533.61,NULL,NULL,0,1,1,0,1,1,1,1,0,1,1,1,1,1,0,NULL,0,NULL,0,NULL,Wholesale Trade,Salvage,NULL,1/12/2016,NULL,0
0,19ACD17B-AEE5-4736-94FD-A3D6A3741B9F,3/12/2015,0,0,0,1483.23,445.81,1037.42,97.18,19.95,10,12/6/2015,3,242,3085076,TX,75070,TX,0,NULL,NULL,0,1,1,0,1,1,1,1,0,1,1,1,1,1,0,NULL,0,NULL,0,NULL,Services,Church,NULL,NULL,NULL,0
0,84A2EA82-4592-448C-86CC-2C3E7849FA84,3/18/2015,0,0,0,2831,1172,1659,139.5,17.95,10,12/20/2015,10,243,3058848,TX,76018-2329,TX,0,NULL,NULL,0,1,1,0,1,1,1,1,0,1,1,1,1,1,0,NULL,0,NULL,0,NULL,Services,General Other,NULL,NULL,NULL,0
0,B3CE88E3-209E-4FDD-ACF5-C7E3195607FE,3/18/2015,0,0,0,5286.8,2188.35,3098.45,247.79,17.95,8,10/23/2015,8,244,3023558,TX,79905-1902,TX,0,NULL,5,0,1,1,0,1,1,1,1,0,1,1,1,1,1,0,NULL,0,NULL,1,10/17/2012,Construction,General Construction,NULL,NULL,NULL,0
0,49EEEB61-AE89-4FB9-8F24-A0D3FBC3A97F,3/18/2015,0,96.52,0,4118.77,1428.13,2690.64,204.78,17.95,3,10/17/2015,3,245,3085411,TX,75088,TX,38.44,NULL,NULL,0,1,1,0,1,1,1,1,0,1,1,1,1,1,0,NULL,0,NULL,1,8/3/2015,Services,General Other,NULL,7/27/2015,NULL,0
0,8C85FD4F-798A-46D7-9C4C-12FCD870F19A,3/25/2015,0,10.9,0,2521,697.75,1823.25,139.02,17.95,9,12/24/2015,9,246,3066465,CA,92653,TX,0,NULL,4,0,1,1,0,1,1,1,1,0,1,1,1,1,1,1,4/24/2014,0,NULL,1,4/25/2014,Services,General Other,NULL,5/29/2015,NULL,0
0,06AFC5C2-C8AD-48CB-90CE-B3424AB17F70,3/25/2015,0,0,0,1876.84,604.21,1272.63,108.15,19.95,9,12/27/2015,9,247,3085788,TX,77523-9593,TX,0,NULL,NULL,0,1,1,0,1,1,1,1,0,1,1,1,1,1,0,NULL,0,NULL,0,NULL,Services,General Other,NULL,NULL,NULL,0
0,D5A860A0-3840-47D7-93C5-AA3150B19061,4/7/2015,0,23.19,0,5320.67,1442.67,3878,295.75,17.95,9,1/2/2016,9,248,3063133,MS,39505-2563,TX,0,NULL,NULL,0,1,1,0,1,1,1,1,0,1,1,1,1,1,0,NULL,0,NULL,0,NULL,General,Personal DBA,NULL,7/7/2015,NULL,0
0,1B604377-F4EF-43F7-9303-22293B75437B,4/13/2015,0,0,0,1144,286,858,87.9,23.95,9,12/6/2015,9,249,3086637,TX,78114-1659,TX,0,NULL,NULL,0,1,1,0,1,1,1,1,0,1,1,1,1,1,0,NULL,0,NULL,0,NULL,General,Personal DBA,NULL,NULL,NULL,0
1,8D745653-5C61-4EBA-9DE8-CFE5EA4BA83D,4/22/2015,0,4.16,0,1043.86,297.16,746.7,84.4,23.95,10,2/21/2016,0,250,3087149,TX,77651,TX,0,NULL,NULL,0,1,1,0,1,1,1,1,0,1,1,1,1,1,0,NULL,0,NULL,0,NULL,General,Technical Assortment,NULL,6/1/2015,NULL,0
0,4C6FD55F-DF8D-4832-9E4C-63BFAF6721C0,4/22/2015,0,10,0,2532.27,659.32,1872.95,104.5,11.95,10,12/26/2015,10,251,3043442,FL,33180-1812,TX,6.65,NULL,4,0,1,1,0,1,1,1,1,0,1,1,1,1,1,0,NULL,0,NULL,1,3/27/2013,Real Estate,Finance,NULL,11/2/2015,NULL,0
0,F80B8549-935E-4BD9-B1B4-7864F6CF9086,4/22/2015,0,0,0,6026,1073.9,4952.1,323.3,14,10,2/28/2016,10,252,3068727,TX,78747-2665,TX,512.68,NULL,NULL,0,1,1,0,1,1,1,1,0,1,1,1,1,1,0,NULL,0,NULL,0,NULL,Transportation,General Transportation,NULL,NULL,NULL,0
0,A45F5F33-13E5-497F-84B6-DF9F879ECF81,4/30/2015,0,109.15,0,5518.46,1492.12,4026.34,338.66,17.95,10,2/18/2016,9,253,3047217,TX,78584-6301,TX,0,NULL,1,0,1,1,0,1,1,1,1,0,1,1,1,1,1,0,NULL,0,NULL,1,5/14/2013,Services,Professional Services,NULL,2/29/2016,NULL,0
0,D119678A-D759-473F-A751-2F2F3043FC21,5/15/2015,0,97.2,0,6376.43,1894.11,4482.32,376.98,17.95,10,3/14/2016,10,254,3023743,TX,79159-1802,TX,0,NULL,4,0,1,1,0,1,1,1,1,0,1,1,1,1,1,0,NULL,0,NULL,0,NULL,Services,General Other,NULL,3/24/2016,NULL,0
0,9292B4A5-D4D5-40C6-98C6-73C6C69E880B,1/6/2015,0,0,0,2546,1084.25,1461.75,136.95,19.95,10,10/16/2015,10,255,3081905,TX,75002-5098,TX,0,NULL,NULL,0,1,1,0,1,1,1,1,0,1,1,1,1,1,0,NULL,0,NULL,0,NULL,Transportation,Trucking,NULL,NULL,NULL,0
1,06410B5E-FA6F-4F76-8B35-BF1A3E5CD034,1/6/2015,15,37.82,0,4507.46,1344.54,3162.92,241.24,17.95,9,10/3/2015,6,256,3081912,FL,34748-2964,TX,0,NULL,NULL,0,1,1,0,1,1,1,1,0,1,1,1,1,1,0,NULL,0,NULL,1,2/16/2015,Real Estate,General Other,NULL,8/10/2015,NULL,0
0,198F1093-35D2-4454-90D5-044976F3871B,1/23/2015,0,0,0,2520,746.25,1773.75,135.33,17.95,9,10/18/2015,9,257,3062466,IL,60060-1751,TX,0,NULL,NULL,1,1,1,0,1,1,1,1,0,1,1,1,1,1,0,NULL,1,2/1/2016,1,2/1/2016,Services,General Other,NULL,NULL,NULL,0
0,B773A434-2028-46D6-820F-51C5F649224E,1/23/2015,0,0,0,27446,7199,20247,728.57,10.7,7,7/31/2015,7,258,3082761,TX,77568-3723,TX,1025.85,NULL,1,0,1,1,0,1,1,1,1,0,1,1,1,1,1,0,NULL,0,NULL,0,NULL,Real Estate,Real Estate,NULL,NULL,NULL,0
0,3BADD422-326C-4340-B558-BFF53160A4A5,6/11/2015,0,169.47,0,4632,1158,3474,292.2,17.95,10,3/29/2016,10,259,3067642,OK,74701-5032,TX,0,NULL,2,0,1,1,0,1,1,1,1,0,1,1,1,1,1,1,9/14/2015,0,NULL,1,9/14/2015,Services,General Services,NULL,3/10/2016,NULL,0
0,1944437E-5580-4145-9E6F-209DCAED3D1B,1/23/2015,0,0,0,29314.49,5982.89,23331.6,1124.8,12.7,8,7/19/2015,8,260,3082775,TX,75043,TX,1749.88,NULL,NULL,0,1,1,0,1,1,1,1,0,1,1,1,1,1,0,NULL,0,NULL,0,NULL,Real Estate,Real Estate,NULL,NULL,NULL,0
0,6535C976-0093-4D70-AD68-1D34317C72A5,1/28/2015,0,3.45,0,1320.11,700,620.11,70.09,23.95,10,11/23/2015,10,261,3082994,TX,77979-4741,TX,0,NULL,NULL,0,1,1,0,1,1,1,1,0,1,1,1,1,1,0,NULL,0,NULL,1,2/16/2015,General,Personal DBA,NULL,8/3/2015,NULL,0
0,261BDBDD-AF10-4B6D-ADEF-A79D5D046FF8,2/9/2015,0,0,0,572.04,169.26,402.78,41.42,23.95,9,11/13/2015,9,262,3064309,FL,32174-8832,TX,-7.38,NULL,NULL,0,1,1,0,1,1,1,1,0,1,1,1,1,1,0,NULL,0,NULL,1,2/10/2016,Services,General Other,NULL,NULL,NULL,0
0,FDE18256-2034-44EB-B0F8-BD28E6BC6630,6/25/2015,0,8.82,0,1232.7,439.42,793.28,89.62,23.95,10,4/25/2016,10,263,3090175,TX,77619-1487,TX,0,NULL,3,0,1,1,0,1,1,1,1,0,1,1,1,1,1,0,NULL,0,NULL,1,8/24/2015,Services,General Other,NULL,1/4/2016,NULL,0
0,1D69DDD4-CE7F-41C0-B3B8-EFAA835B7C92,6/25/2015,0,0,0,826.69,337.92,488.77,55.23,23.95,10,4/19/2016,10,264,3025996,TX,76040-7720,TX,0,NULL,3,1,1,1,0,1,1,1,1,0,1,1,1,1,1,1,10/23/2018,1,3/21/2014,1,5/5/2015,Transportation,General Transportation,NULL,NULL,NULL,0
0,2F04B923-3016-4845-8840-4E6FC78122F9,2/16/2015,0,86.12,0,10676,2681,7995,480.32,14.5,9,11/18/2015,8,265,3083895,TX,78573-1505,TX,0,NULL,NULL,1,1,1,0,1,1,1,1,0,1,1,1,1,1,0,NULL,1,5/28/2015,1,5/28/2015,Transportation,General Transportation,NULL,4/28/2015,NULL,0
0,52F1333F-0365-4BAC-8922-151B9A9B8321,2/17/2015,0,93.44,0,12569.4,3554.85,9014.55,329.4,14.5,5,7/25/2015,5,266,3083996,TX,78521-5249,TX,0,NULL,4,1,1,1,0,1,1,1,1,0,1,1,1,1,1,1,6/19/2017,1,6/19/2017,1,4/4/2018,Real Estate,General Fin/Ins/Real,NULL,NULL,NULL,0
1,4EB2B748-5563-4E4C-9E40-11E52F21EE72,2/17/2015,0,104.48,0,6321,1427.4,4893.6,331.1,14.5,10,12/13/2015,9,267,3083997,TX,78572-7974,TX,205.59,NULL,NULL,0,1,1,0,1,1,1,1,0,1,1,1,1,1,0,NULL,1,4/21/2015,1,4/21/2015,Transportation,Trucking,NULL,12/23/2015,NULL,0
0,05283AE4-99A4-48A5-9062-D3E6BFE694B2,2/17/2015,0,0,0,4191.49,1235.37,2956.12,225.47,17.95,9,11/17/2015,9,268,3039663,LA,71106-9346,TX,0,NULL,NULL,0,1,1,0,1,1,1,1,0,1,1,1,1,1,0,NULL,0,NULL,1,3/15/2013,Services,General Other,NULL,NULL,NULL,0
0,FB898583-34F3-467F-854F-94C3AD6618E8,2/20/2015,0,10.36,0,1646,800,846,86.67,23.95,9,10/20/2015,9,269,3084130,TX,76401-5906,TX,846,NULL,NULL,1,1,1,0,1,1,1,1,0,1,1,1,1,1,0,NULL,1,2/25/2015,1,2/25/2015,Services,General Other,NULL,10/30/2015,NULL,0
0,58CEB079-D8C3-46CE-8A3B-73AF70D52D4A,2/24/2015,0,16.65,0,996.65,399.16,597.49,67.51,23.95,10,12/6/2015,10,270,3035198,TX,79015-6607,TX,0,NULL,5,0,1,1,0,1,1,1,1,0,1,1,1,1,1,0,NULL,0,NULL,1,6/10/2013,General,General Blended,NULL,11/16/2015,NULL,0
0,74D2D990-008F-4467-8C40-CDD56A6B8298,2/24/2015,0,0,0,3695.98,1160.25,2535.73,193.43,17.95,9,10/15/2015,1,271,3062787,TX,77040-6505,TX,0,NULL,5,1,1,1,0,1,1,1,1,0,1,1,1,1,1,0,NULL,1,7/7/2015,1,7/7/2015,Services,General Services,NULL,3/25/2015,NULL,0
0,D3C4DF80-9224-4742-957E-81DAC88118D2,3/2/2015,0,0,0,7313.5,1903.38,5410.12,332.06,14.5,9,11/28/2015,9,272,3040927,OH,44122-5227,TX,0,NULL,5,0,1,1,0,1,1,1,1,0,1,1,1,1,1,1,3/23/2013,0,NULL,1,3/25/2013,Services,Medical,NULL,NULL,NULL,0
0,529652CF-CBF2-49DE-B7ED-BB0233007192,1/8/2015,0,28.55,0,7381.47,2032.87,5348.6,361.9,14.5,10,11/13/2015,8,273,3035960,TX,76107-2611,TX,0,NULL,2,0,1,1,0,1,1,1,1,0,1,1,1,1,1,0,NULL,0,NULL,0,NULL,Services,Educational Services,NULL,9/23/2015,NULL,0
0,A8A65533-D018-4CF6-B9B0-353D86F9CDDE,1/8/2015,0,549.04,0,17356.31,4470.33,12885.98,840.02,13.98,10,11/7/2015,10,274,3038637,TX,75207-5003,TX,0,NULL,5,0,1,1,0,1,1,1,1,0,1,1,1,1,1,1,2/28/2013,0,NULL,1,2/28/2013,Construction,General Construction,NULL,11/17/2015,NULL,0
0,90B186D4-DF58-4AF0-911C-21B45CC75A20,1/12/2015,0,0,0,1484,446,1038,88.17,19.95,9,10/11/2015,9,275,3034687,NC,28277-2176,TX,0,NULL,NS,0,1,1,0,1,1,1,1,0,1,1,1,1,1,1,2/10/2013,0,NULL,1,2/11/2013,Services,General Services,NULL,NULL,NULL,0
1,60D917C5-18D5-4043-95A6-BCBECE697BD7,7/10/2015,0,19.22,0,1332,600,732,36.6,23.95,2,8/29/2015,0,276,3090806,TX,75001,TX,201.86,NULL,NULL,0,1,1,0,1,1,1,1,0,1,1,1,1,1,0,NULL,0,NULL,0,NULL,Real Estate,General Fin/Ins/Real,NULL,8/10/2015,NULL,0
0,C44D6B7F-7248-4723-B1F7-94A3C0D4DEAE,7/10/2015,0,0,0,943,530.5,412.5,42.27,23.95,9,3/19/2016,4,277,3073003,TX,76107,TX,0,NULL,NULL,1,1,1,0,1,1,1,1,0,1,1,1,1,1,0,NULL,1,7/27/2015,1,7/17/2014,General,Technical Assortment,NULL,NULL,NULL,0
0,165FA97F-4093-4D34-86BF-5ACF8149A826,1/15/2015,0,0,0,4202.3,1163.08,3039.22,231.83,17.95,9,10/9/2015,9,278,3034981,CA,93619-2013,TX,0,NULL,3,0,1,1,0,1,1,1,1,0,1,1,1,1,1,0,NULL,0,NULL,0,NULL,General,General Other,NULL,NULL,NULL,0
0,16783091-DDDF-4F1A-BA8E-36AC38BB3789,3/12/2015,0,51.06,0,11983,2396.6,9586.4,624.9,13.98,10,1/8/2016,10,279,3043818,AR,72117-0954,TX,479.32,NULL,NULL,0,1,1,0,1,1,1,1,0,1,1,1,1,1,0,NULL,0,NULL,1,9/14/2015,Transportation,General Transportation,NULL,10/13/2015,NULL,0
0,113F88AC-ED26-4B68-B367-B17E4FF4F48B,3/18/2015,0,0,0,5381.87,1217,4164.87,313.43,16.1,10,12/21/2015,10,280,3085403,TX,75043-8031,TX,176.45,NULL,5,1,1,1,0,1,1,1,1,0,1,1,1,1,1,1,4/2/2018,1,4/2/2018,1,4/2/2018,Real Estate,Real Estate,NULL,NULL,NULL,0
0,8AFBCF94-CC22-41CA-A5C8-AA8DF02B22E9,3/19/2015,0,9.8,0,1432.02,631.76,800.26,81.92,23.95,9,12/9/2015,9,281,3085497,CA,92648-8143,TX,0,NULL,1,0,1,1,0,1,1,1,1,0,1,1,1,1,1,0,NULL,0,NULL,1,6/19/2015,Real Estate,Real Estate,NULL,9/21/2015,NULL,0
1,59B32B8E-F92D-4E2C-952B-D9342984AC1E,3/23/2015,0,0,0,2129.68,667.42,1462.26,124.26,19.95,9,12/24/2015,0,282,3085604,TX,77498,TX,0,NULL,NULL,0,1,1,0,1,1,1,1,0,1,1,1,1,1,0,NULL,0,NULL,0,NULL,Construction,Builder,NULL,5/4/2015,NULL,0
0,AEE09428-3928-451D-A809-DCC7A38C7225,3/23/2015,0,33.28,0,905,226.25,678.75,69.51,23.95,9,12/13/2015,9,283,3085608,NM,87571-3531,TX,0,NULL,2,1,1,1,0,1,1,1,1,0,1,1,1,1,1,0,NULL,1,4/15/2015,1,4/15/2015,General,General Other,NULL,12/23/2015,NULL,0
0,49B656CD-0A48-41FF-AAAB-A5C12F0801EA,3/25/2015,0,0,0,14860.05,4249.07,10610.98,584.97,14,10,1/23/2016,10,284,3085786,TX,78586-8229,TX,401.86,NULL,NULL,0,1,1,0,1,1,1,1,0,1,1,1,1,1,0,NULL,0,NULL,0,NULL,Transportation,General Transportation,NULL,NULL,NULL,0
1,64E455BD-1C99-46D9-84E1-2E91A3DB3A3A,4/3/2015,0,148.31,0,28239,7059.75,21179.25,868.55,8.85,10,1/16/2016,9,285,3086278,TX,75206-5041,TX,0,NULL,NULL,0,1,1,0,1,1,1,1,0,1,1,1,1,1,0,NULL,0,NULL,0,NULL,Real Estate,Real Estate,NULL,1/26/2016,NULL,0
0,D292CA6F-92E3-4306-8FAA-8325CA4EDE41,4/3/2015,0,24.06,0,3566.5,1248.33,2318.17,87.38,14.95,5,8/16/2015,5,286,3086278,TX,75206-5041,TX,0,NULL,NULL,0,1,1,0,1,1,1,1,0,1,1,1,1,1,0,NULL,0,NULL,0,NULL,Real Estate,Real Estate,NULL,4/27/2015,NULL,0
0,7D859DCE-A8D2-490C-973E-10FB3DC8CE8F,4/13/2015,0,6.9,0,2017.31,730.83,1286.48,94.42,15.7,10,2/8/2016,10,287,3086633,TX,77073-5591,TX,6.39,NULL,NULL,0,1,1,0,1,1,1,1,0,1,1,1,1,1,0,NULL,0,NULL,0,NULL,Transportation,General Transportation,NULL,10/19/2015,NULL,0
0,35F26016-43CE-4408-B8D0-8D085E412B30,4/17/2015,0,2.02,0,590,260,330,33.78,23.95,9,12/18/2015,1,288,3086902,CO,80214,TX,0,NULL,NULL,0,1,1,0,1,1,1,1,0,1,1,1,1,1,0,NULL,0,NULL,0,NULL,Services,General Services,NULL,5/26/2015,NULL,0
0,F4ECF1CD-D76A-40A8-8C43-3309FC5A955D,4/17/2015,0,0,0,1965.28,840.28,1125,105.4,19.95,10,1/28/2016,10,289,3086908,TX,75845-5113,TX,0,NULL,2,0,1,1,0,1,1,1,1,0,1,1,1,1,1,0,NULL,0,NULL,1,5/6/2015,Agriculture,Forestry,NULL,NULL,NULL,0
1,D5CD4121-66FB-48E4-8BE6-41806DBABC97,4/22/2015,0,8.8,0,2465.39,841.35,1624.04,136.56,17.95,10,2/22/2016,2,290,3069090,TX,76111-6328,TX,0,NULL,3,0,1,1,0,1,1,1,1,0,1,1,1,1,1,0,NULL,0,NULL,0,NULL,Services,General Other,NULL,8/3/2015,NULL,0
0,9D759E35-A81A-4EEE-9AC4-EC5CD81739AF,7/14/2015,0,32.98,0,8490.37,2299,6191.37,403.63,13.98,10,4/9/2016,10,291,3090983,TX,75070-5551,TX,295.9,NULL,3,0,1,1,0,1,1,1,1,0,1,1,1,1,1,0,NULL,0,NULL,1,8/26/2015,General,Personal DBA,NULL,8/19/2015,NULL,0
0,5CEB20C4-5D8C-4E82-AA11-17AAC0A5BCC7,1/22/2015,0,0,0,8993,1798.6,7194.4,469,13.98,10,11/4/2015,10,292,3062979,TX,76502-5599,TX,359.72,NULL,1,1,1,1,0,1,1,1,1,0,1,1,1,1,1,1,2/21/2018,1,2/21/2018,1,2/21/2018,General,Personal DBA,NULL,NULL,NULL,0
0,A55BFF3C-2C9C-480E-902C-38A0C2048658,1/22/2015,0,186.69,0,6599.88,1679.97,4919.91,413.79,17.95,10,11/15/2015,10,293,3058057,TX,75202-4041,TX,248.2,NULL,3,1,1,1,0,1,1,1,1,0,1,1,1,1,1,1,8/16/2017,1,8/16/2017,1,7/17/2017,Services,General Other,NULL,11/25/2015,NULL,0
0,7B36990F-4F9F-445E-9E99-7EB2760BB040,1/23/2015,0,0,0,23192.44,5061.86,18130.58,874.06,12.7,8,7/1/2015,8,294,3082767,TX,75043-8031,TX,1161.59,NULL,NULL,0,1,1,0,1,1,1,1,0,1,1,1,1,1,1,6/20/2017,0,NULL,1,6/20/2017,Real Estate,Real Estate,NULL,NULL,NULL,0
0,AAD6E316-F8B1-45AF-883A-0342FAACE2C5,7/23/2015,0,19.85,30,891.73,297.93,593.8,60.86,23.95,9,4/17/2016,9,295,3091404,TX,77708-2133,TX,0,NULL,2,1,1,1,0,1,1,1,1,0,1,1,1,1,1,0,NULL,1,8/15/2015,1,8/17/2015,General,Personal DBA,NULL,4/27/2016,NULL,0
0,952ED962-D78F-4B48-B211-44A06ABF2D7F,7/23/2015,0,0,0,902.23,308.06,594.17,60.85,23.95,9,4/19/2016,9,296,3052936,TX,78729-1818,TX,0,NULL,NULL,0,1,1,0,1,1,1,1,0,1,1,1,1,1,0,NULL,0,NULL,0,NULL,General,Personal DBA,NULL,NULL,NULL,0
0,D2D49985-AA9D-4153-BF91-0F9178A0A27C,7/23/2015,0,0,0,2397,843.75,1553.25,118.5,17.95,9,3/28/2016,9,297,3091418,TX,75104-6047,TX,0,NULL,NULL,0,1,1,0,1,1,1,1,0,1,1,1,1,1,0,NULL,0,NULL,0,NULL,Real Estate,Real Estate,NULL,NULL,NULL,0
0,EE41510B-4B40-4B1B-BA99-0D543B66A1A3,7/30/2015,0,0,0,27670.32,5894.06,21776.26,1100.91,12.5,10,5/28/2016,10,298,3091716,TX,77449-1452,TX,1208.07,NULL,3,0,1,1,0,1,1,1,1,0,1,1,1,1,1,0,NULL,0,NULL,0,NULL,Transportation,Trucking,NULL,NULL,NULL,0
0,E50A63FF-82C9-437C-992F-EEDA83E0AF7C,5/14/2015,0,0,0,2123,530.75,1592.25,100.83,14.95,9,2/14/2016,9,299,3088261,CO,81040-0154,TX,0,NULL,NULL,0,1,1,0,1,1,1,1,0,1,1,1,1,1,0,NULL,0,NULL,0,NULL,Services,General Services,NULL,NULL,NULL,0
